coverage	replicate	biological_class	cellular_fraction	relocate2_detection_recall	relocate2_status_accuracy_given_detected	relocate3-blat-bwa_detection_recall	relocate3-blat-bwa_status_accuracy_given_detected	relocate3-blat-bwaaln_detection_recall	relocate3-blat-bwaaln_status_accuracy_given_detected	relocate3-bowtie2-bwa_detection_recall	relocate3-bowtie2-bwa_status_accuracy_given_detected	relocate3-bwa-bwa_detection_recall	relocate3-bwa-bwa_status_accuracy_given_detected	relocate3-minimap2-minimap2_detection_recall	relocate3-minimap2-minimap2_status_accuracy_given_detected	relocate2_minus_relocate3-blat-bwa_recall	relocate2_minus_relocate3-blat-bwaaln_recall	relocate2_minus_relocate3-bowtie2-bwa_recall	relocate2_minus_relocate3-bwa-bwa_recall	relocate2_minus_relocate3-minimap2-minimap2_recall	relocate3-blat-bwa_minus_relocate3-blat-bwaaln_recall	relocate3-blat-bwa_minus_relocate3-bowtie2-bwa_recall	relocate3-blat-bwa_minus_relocate3-bwa-bwa_recall	relocate3-blat-bwa_minus_relocate3-minimap2-minimap2_recall	relocate3-blat-bwaaln_minus_relocate3-bowtie2-bwa_recall	relocate3-blat-bwaaln_minus_relocate3-bwa-bwa_recall	relocate3-blat-bwaaln_minus_relocate3-minimap2-minimap2_recall	relocate3-bowtie2-bwa_minus_relocate3-bwa-bwa_recall	relocate3-bowtie2-bwa_minus_relocate3-minimap2-minimap2_recall	relocate3-bwa-bwa_minus_relocate3-minimap2-minimap2_recall
5	1	heterozygous	1.0	0.69	0.7391304347826086	0.55	0.6909090909090909	0.6	0.7166666666666667	0.56	0.6785714285714286	0.56	0.6785714285714286	0.56	0.6785714285714286	0.14	0.09	0.13	0.13	0.13	-0.05	-0.01	-0.01	-0.01	0.04	0.04	0.04	0	0	0
5	1	homozygous	1.0	0.93	1.0	0.9	1.0	0.91	1.0	0.9	1.0	0.9	1.0	0.89	1.0	0.03	0.02	0.03	0.03	0.04	-0.01	0	0	0.01	0.01	0.01	0.02	0	0.01	0.01
5	1	somatic_insertion	0.1	0.03	0.0	0.02	0.0	0.03	0.0	0.02	0.0	0.02	0.0	0.02	0.0	0.01	0	0.01	0.01	0.01	-0.01	0	0	0	0.01	0.01	0.01	0	0	0
5	1	somatic_insertion	0.2	0.09	0.0	0.06	0.0	0.07	0.0	0.06	0.0	0.06	0.0	0.06	0.0	0.03	0.02	0.03	0.03	0.03	-0.01	0	0	0	0.01	0.01	0.01	0	0	0
5	1	somatic_insertion	0.4	0.28	0.0	0.23	0.0	0.23	0.0	0.23	0.0	0.22	0.0	0.21	0.0	0.05	0.05	0.05	0.06	0.07	0	0	0.01	0.02	0	0.01	0.02	0.01	0.02	0.01
5	2	heterozygous	1.0	0.68	0.7647058823529411	0.58	0.6724137931034483	0.65	0.676923076923077	0.58	0.6724137931034483	0.58	0.6724137931034483	0.57	0.6491228070175439	0.1	0.03	0.1	0.1	0.11	-0.07	0	0	0.01	0.07	0.07	0.08	0	0.01	0.01
5	2	homozygous	1.0	0.94	1.0	0.92	1.0	0.92	1.0	0.91	1.0	0.92	1.0	0.91	1.0	0.02	0.02	0.03	0.02	0.03	0	0.01	0	0.01	0.01	0	0.01	-0.01	0	0.01
5	2	somatic_insertion	0.1	0.02	0.0	0.02	0.0	0.02	0.0	0.02	0.0	0.02	0.0	0.02	0.0	0	0	0	0	0	0	0	0	0	0	0	0	0	0	0
5	2	somatic_insertion	0.2	0.08	0.0	0.08	0.0	0.07	0.0	0.08	0.0	0.08	0.0	0.08	0.0	0	0.01	0	0	0	0.01	0	0	0	-0.01	-0.01	-0.01	0	0	0
5	2	somatic_insertion	0.4	0.26	0.0	0.17	0.0	0.2	0.0	0.17	0.0	0.17	0.0	0.17	0.0	0.09	0.06	0.09	0.09	0.09	-0.03	0	0	0	0.03	0.03	0.03	0	0	0
5	3	heterozygous	1.0	0.69	0.6666666666666666	0.6	0.8	0.62	0.7741935483870968	0.59	0.7966101694915254	0.59	0.7966101694915254	0.59	0.7796610169491526	0.09	0.07	0.1	0.1	0.1	-0.02	0.01	0.01	0.01	0.03	0.03	0.03	0	0	0
5	3	homozygous	1.0	0.92	1.0	0.92	0.9891304347826086	0.94	0.9893617021276596	0.92	0.9891304347826086	0.91	1.0	0.9	1.0	0	-0.02	0	0.01	0.02	-0.02	0	0.01	0.02	0.02	0.03	0.04	0.01	0.02	0.01
5	3	somatic_insertion	0.1	0.05	0.0	0.03	0.0	0.04	0.0	0.03	0.0	0.03	0.0	0.03	0.0	0.02	0.01	0.02	0.02	0.02	-0.01	0	0	0	0.01	0.01	0.01	0	0	0
5	3	somatic_insertion	0.2	0.14	0.0	0.1	0.0	0.12	0.0	0.1	0.0	0.09	0.0	0.09	0.0	0.04	0.02	0.04	0.05	0.05	-0.02	0	0.01	0.01	0.02	0.03	0.03	0.01	0.01	0
5	3	somatic_insertion	0.4	0.3	0.0	0.21	0.0	0.22	0.0	0.21	0.0	0.21	0.0	0.2	0.0	0.09	0.08	0.09	0.09	0.1	-0.01	0	0	0.01	0.01	0.01	0.02	0	0.01	0.01
15	1	heterozygous	1.0	0.94	0.5	0.92	0.6739130434782609	0.92	0.5869565217391305	0.92	0.6739130434782609	0.92	0.6739130434782609	0.92	0.7391304347826086	0.02	0.02	0.02	0.02	0.02	0	0	0	0	0	0	0	0	0	0
15	1	homozygous	1.0	0.97	0.9896907216494846	0.96	1.0	0.96	1.0	0.96	1.0	0.96	1.0	0.97	0.9896907216494846	0.01	0.01	0.01	0.01	0	0	0	0	-0.01	0	0	-0.01	0	-0.01	-0.01
15	1	somatic_insertion	0.1	0.21	0.09523809523809523	0.13	0.0	0.15	0.0	0.13	0.0	0.13	0.0	0.13	0.0	0.08	0.06	0.08	0.08	0.08	-0.02	0	0	0	0.02	0.02	0.02	0	0	0
15	1	somatic_insertion	0.2	0.4	0.125	0.32	0.15625	0.35	0.14285714285714285	0.32	0.15625	0.32	0.15625	0.31	0.12903225806451613	0.08	0.05	0.08	0.08	0.09	-0.03	0	0	0.01	0.03	0.03	0.04	0	0.01	0.01
15	1	somatic_insertion	0.4	0.75	0.02666666666666667	0.68	0.029411764705882353	0.71	0.028169014084507043	0.69	0.028985507246376812	0.68	0.029411764705882353	0.67	0.014925373134328358	0.07	0.04	0.06	0.07	0.08	-0.03	-0.01	0	0.01	0.02	0.03	0.04	0.01	0.02	0.01
15	2	heterozygous	1.0	0.93	0.5806451612903226	0.91	0.6813186813186813	0.92	0.6413043478260869	0.91	0.6813186813186813	0.91	0.6923076923076923	0.91	0.7142857142857143	0.02	0.01	0.02	0.02	0.02	-0.01	0	0	0	0.01	0.01	0.01	0	0	0
15	2	homozygous	1.0	0.96	0.9895833333333334	0.97	0.979381443298969	0.97	0.979381443298969	0.97	0.979381443298969	0.97	0.979381443298969	0.97	0.979381443298969	-0.01	-0.01	-0.01	-0.01	-0.01	0	0	0	0	0	0	0	0	0	0
15	2	somatic_insertion	0.1	0.14	0.07142857142857142	0.09	0.1111111111111111	0.09	0.1111111111111111	0.09	0.1111111111111111	0.09	0.1111111111111111	0.08	0.125	0.05	0.05	0.05	0.05	0.06	0	0	0	0.01	0	0	0.01	0	0.01	0.01
15	2	somatic_insertion	0.2	0.53	0.07547169811320754	0.38	0.05263157894736842	0.43	0.06976744186046512	0.39	0.05128205128205128	0.37	0.05405405405405406	0.34	0.058823529411764705	0.15	0.1	0.14	0.16	0.19	-0.05	-0.01	0.01	0.04	0.04	0.06	0.09	0.02	0.05	0.03
15	2	somatic_insertion	0.4	0.76	0.02631578947368421	0.67	0.029850746268656716	0.71	0.04225352112676056	0.66	0.030303030303030304	0.67	0.029850746268656716	0.65	0.046153846153846156	0.09	0.05	0.1	0.09	0.11	-0.04	0.01	0	0.02	0.05	0.04	0.06	-0.01	0.01	0.02
15	3	heterozygous	1.0	0.92	0.5108695652173914	0.91	0.7362637362637363	0.92	0.6086956521739131	0.91	0.7362637362637363	0.91	0.7362637362637363	0.91	0.7582417582417582	0.01	0	0.01	0.01	0.01	-0.01	0	0	0	0.01	0.01	0.01	0	0	0
15	3	homozygous	1.0	0.96	0.9895833333333334	0.96	0.9895833333333334	0.96	0.9895833333333334	0.96	0.9895833333333334	0.96	0.9895833333333334	0.96	0.9895833333333334	0	0	0	0	0	0	0	0	0	0	0	0	0	0	0
15	3	somatic_insertion	0.1	0.2	0.2	0.1	0.3	0.13	0.23076923076923078	0.1	0.3	0.1	0.3	0.1	0.3	0.1	0.07	0.1	0.1	0.1	-0.03	0	0	0	0.03	0.03	0.03	0	0	0
15	3	somatic_insertion	0.2	0.48	0.041666666666666664	0.35	0.02857142857142857	0.38	0.02631578947368421	0.34	0.029411764705882353	0.35	0.02857142857142857	0.33	0.030303030303030304	0.13	0.1	0.14	0.13	0.15	-0.03	0.01	0	0.02	0.04	0.03	0.05	-0.01	0.01	0.02
15	3	somatic_insertion	0.4	0.73	0.0136986301369863	0.6	0.03333333333333333	0.67	0.029850746268656716	0.6	0.03333333333333333	0.6	0.03333333333333333	0.58	0.034482758620689655	0.13	0.06	0.13	0.13	0.15	-0.07	0	0	0.02	0.07	0.07	0.09	0	0.02	0.02
30	1	heterozygous	1.0	0.95	0.9263157894736842	0.93	0.9247311827956989	0.94	0.925531914893617	0.93	0.9247311827956989	0.93	0.9247311827956989	0.93	0.9139784946236559	0.02	0.01	0.02	0.02	0.02	-0.01	0	0	0	0.01	0.01	0.01	0	0	0
30	1	homozygous	1.0	0.97	0.979381443298969	0.98	0.9693877551020408	0.98	0.9693877551020408	0.98	0.9693877551020408	0.98	0.9693877551020408	0.98	0.9693877551020408	-0.01	-0.01	-0.01	-0.01	-0.01	0	0	0	0	0	0	0	0	0	0
30	1	somatic_insertion	0.1	0.48	0.7291666666666666	0.33	0.7575757575757576	0.39	0.7692307692307693	0.33	0.7575757575757576	0.33	0.7575757575757576	0.33	0.7878787878787878	0.15	0.09	0.15	0.15	0.15	-0.06	0	0	0	0.06	0.06	0.06	0	0	0
30	1	somatic_insertion	0.2	0.82	0.4024390243902439	0.77	0.5064935064935064	0.78	0.48717948717948717	0.77	0.5064935064935064	0.75	0.49333333333333335	0.75	0.5066666666666667	0.05	0.04	0.05	0.07	0.07	-0.01	0	0.02	0.02	0.01	0.03	0.03	0.02	0.02	0
30	1	somatic_insertion	0.4	0.9	0.08888888888888889	0.86	0.11627906976744186	0.88	0.10227272727272728	0.86	0.11627906976744186	0.86	0.11627906976744186	0.84	0.13095238095238096	0.04	0.02	0.04	0.04	0.06	-0.02	0	0	0.02	0.02	0.02	0.04	0	0.02	0.02
30	2	heterozygous	1.0	0.95	0.8210526315789474	0.94	0.8191489361702128	0.94	0.8191489361702128	0.94	0.8191489361702128	0.94	0.8191489361702128	0.94	0.8191489361702128	0.01	0.01	0.01	0.01	0.01	0	0	0	0	0	0	0	0	0	0
30	2	homozygous	1.0	0.97	0.979381443298969	0.98	0.9693877551020408	0.98	0.9693877551020408	0.98	0.9693877551020408	0.98	0.9693877551020408	0.98	0.9693877551020408	-0.01	-0.01	-0.01	-0.01	-0.01	0	0	0	0	0	0	0	0	0	0
30	2	somatic_insertion	0.1	0.44	0.7727272727272727	0.39	0.8205128205128205	0.42	0.7857142857142857	0.38	0.8421052631578947	0.38	0.8421052631578947	0.36	0.8055555555555556	0.05	0.02	0.06	0.06	0.08	-0.03	0.01	0.01	0.03	0.04	0.04	0.06	0	0.02	0.02
30	2	somatic_insertion	0.2	0.78	0.44871794871794873	0.67	0.5522388059701493	0.74	0.5540540540540541	0.66	0.5606060606060606	0.66	0.5757575757575758	0.65	0.5692307692307692	0.11	0.04	0.12	0.12	0.13	-0.07	0.01	0.01	0.02	0.08	0.08	0.09	0	0.01	0.01
30	2	somatic_insertion	0.4	0.92	0.07608695652173914	0.87	0.09195402298850575	0.88	0.07954545454545454	0.87	0.09195402298850575	0.86	0.09302325581395349	0.84	0.07142857142857142	0.05	0.04	0.05	0.06	0.08	-0.01	0	0.01	0.03	0.01	0.02	0.04	0.01	0.03	0.02
30	3	heterozygous	1.0	0.95	0.8526315789473684	0.94	0.8617021276595744	0.94	0.8617021276595744	0.94	0.8617021276595744	0.94	0.8617021276595744	0.94	0.8617021276595744	0.01	0.01	0.01	0.01	0.01	0	0	0	0	0	0	0	0	0	0
30	3	homozygous	1.0	0.97	0.9690721649484536	0.98	0.9693877551020408	0.98	0.9693877551020408	0.98	0.9693877551020408	0.98	0.9693877551020408	0.98	0.9693877551020408	-0.01	-0.01	-0.01	-0.01	-0.01	0	0	0	0	0	0	0	0	0	0
30	3	somatic_insertion	0.1	0.48	0.8333333333333334	0.31	0.8709677419354839	0.39	0.8205128205128205	0.31	0.8709677419354839	0.31	0.8709677419354839	0.28	0.7857142857142857	0.17	0.09	0.17	0.17	0.2	-0.08	0	0	0.03	0.08	0.08	0.11	0	0.03	0.03
30	3	somatic_insertion	0.2	0.71	0.4225352112676056	0.6	0.5833333333333334	0.62	0.5	0.6	0.5833333333333334	0.6	0.6	0.59	0.5932203389830508	0.11	0.09	0.11	0.11	0.12	-0.02	0	0	0.01	0.02	0.02	0.03	0	0.01	0.01
30	3	somatic_insertion	0.4	0.92	0.043478260869565216	0.91	0.06593406593406594	0.91	0.054945054945054944	0.91	0.06593406593406594	0.89	0.056179775280898875	0.89	0.056179775280898875	0.01	0.01	0.01	0.03	0.03	0	0	0.02	0.02	0	0.02	0.02	0.02	0.02	0
