event_id	chrom	position	te_id	te_family	biological_class	cellular_fraction	expected_vaf	hap1	hap2	strand	tsd	tsd_length	consensus_length	inserted_length	sequence_identity	snp_count	indel_count	length_change
TE000034	Chr1	550	mPing#DNA/Harbinger_	mPing	homozygous	1.0	1.0	1	1	-	NNNNN	5	430	430	100.0	0	0	0
TE000050	Chr1	247385	mPing#DNA/Harbinger_	mPing	homozygous	1.0	1.0	1	1	+	AAGGG	5	430	430	100.0	0	0	0
TE000044	Chr1	308178	mPing#DNA/Harbinger_	mPing	homozygous	1.0	1.0	1	1	+	GCAT	4	430	430	100.0	0	0	0
TE000121	Chr1	436165	mPing#DNA/Harbinger_	mPing	heterozygous	1.0	0.5	1	0	-	CACC	4	430	430	100.0	0	0	0
TE000461	Chr1	551172	mPing#DNA/Harbinger_	mPing	somatic_insertion	0.4	0.2	1	0	-	TGCAA	5	430	430	100.0	0	0	0
TE000285	Chr1	599589	mPing#DNA/Harbinger_	mPing	somatic_insertion	0.1	0.05	1	0	+	TGT	3	430	430	100.0	0	0	0
TE000243	Chr1	749724	mPing#DNA/Harbinger_	mPing	somatic_insertion	0.1	0.05	1	0	-	GAC	3	430	430	100.0	0	0	0
TE000356	Chr1	809037	mPing#DNA/Harbinger_	mPing	somatic_insertion	0.2	0.1	1	0	+	GCGCA	5	430	430	100.0	0	0	0
TE000472	Chr1	891911	mPing#DNA/Harbinger_	mPing	somatic_insertion	0.4	0.2	1	0	+	CCA	3	430	430	100.0	0	0	0
TE000230	Chr1	976750	mPing#DNA/Harbinger_	mPing	somatic_insertion	0.1	0.05	1	0	-	AGAA	4	430	430	100.0	0	0	0
TE000173	Chr1	1027704	mPing#DNA/Harbinger_	mPing	heterozygous	1.0	0.5	1	0	+	AAG	3	430	430	100.0	0	0	0
TE000106	Chr1	1131256	mPing#DNA/Harbinger_	mPing	heterozygous	1.0	0.5	1	0	+	CAT	3	430	430	100.0	0	0	0
TE000371	Chr1	1226176	mPing#DNA/Harbinger_	mPing	somatic_insertion	0.2	0.1	1	0	+	GGAAT	5	430	430	100.0	0	0	0
TE000144	Chr1	1378619	mPing#DNA/Harbinger_	mPing	heterozygous	1.0	0.5	1	0	-	ATAA	4	430	430	100.0	0	0	0
TE000003	Chr1	1379295	mPing#DNA/Harbinger_	mPing	homozygous	1.0	1.0	1	1	+	AAAA	4	430	430	100.0	0	0	0
TE000086	Chr1	1529245	mPing#DNA/Harbinger_	mPing	homozygous	1.0	1.0	1	1	+	GAAGT	5	430	430	100.0	0	0	0
TE000041	Chr1	1697843	mPing#DNA/Harbinger_	mPing	homozygous	1.0	1.0	1	1	-	ATTTT	5	430	430	100.0	0	0	0
TE000176	Chr1	1726254	mPing#DNA/Harbinger_	mPing	heterozygous	1.0	0.5	1	0	-	CCC	3	430	430	100.0	0	0	0
TE000101	Chr1	2248617	mPing#DNA/Harbinger_	mPing	heterozygous	1.0	0.5	1	0	-	CTCCT	5	430	430	100.0	0	0	0
TE000336	Chr1	2294078	mPing#DNA/Harbinger_	mPing	somatic_insertion	0.2	0.1	1	0	+	TTTGT	5	430	430	100.0	0	0	0
TE000296	Chr1	2453719	mPing#DNA/Harbinger_	mPing	somatic_insertion	0.1	0.05	1	0	+	TAAG	4	430	430	100.0	0	0	0
TE000104	Chr1	2638491	mPing#DNA/Harbinger_	mPing	heterozygous	1.0	0.5	1	0	-	CTCT	4	430	430	100.0	0	0	0
TE000168	Chr1	2717614	mPing#DNA/Harbinger_	mPing	heterozygous	1.0	0.5	1	0	-	CAG	3	430	430	100.0	0	0	0
TE000306	Chr1	2762267	mPing#DNA/Harbinger_	mPing	somatic_insertion	0.2	0.1	1	0	+	ATTTC	5	430	430	100.0	0	0	0
TE000241	Chr1	2923805	mPing#DNA/Harbinger_	mPing	somatic_insertion	0.1	0.05	1	0	-	TGTTT	5	430	430	100.0	0	0	0
TE000245	Chr1	3003373	mPing#DNA/Harbinger_	mPing	somatic_insertion	0.1	0.05	1	0	+	TAC	3	430	430	100.0	0	0	0
TE000271	Chr1	3163647	mPing#DNA/Harbinger_	mPing	somatic_insertion	0.1	0.05	1	0	+	GGG	3	430	430	100.0	0	0	0
TE000109	Chr1	3180744	mPing#DNA/Harbinger_	mPing	heterozygous	1.0	0.5	1	0	+	GGCAA	5	430	430	100.0	0	0	0
TE000227	Chr1	3210290	mPing#DNA/Harbinger_	mPing	somatic_insertion	0.1	0.05	1	0	-	CCT	3	430	430	100.0	0	0	0
TE000170	Chr1	3253490	mPing#DNA/Harbinger_	mPing	heterozygous	1.0	0.5	1	0	+	TTTA	4	430	430	100.0	0	0	0
TE000062	Chr1	3267005	mPing#DNA/Harbinger_	mPing	homozygous	1.0	1.0	1	1	+	ATT	3	430	430	100.0	0	0	0
TE000069	Chr1	3313852	mPing#DNA/Harbinger_	mPing	homozygous	1.0	1.0	1	1	-	GGCCA	5	430	430	100.0	0	0	0
TE000377	Chr1	3329509	mPing#DNA/Harbinger_	mPing	somatic_insertion	0.2	0.1	1	0	+	TTA	3	430	430	100.0	0	0	0
TE000215	Chr1	3412059	mPing#DNA/Harbinger_	mPing	somatic_insertion	0.1	0.05	1	0	+	TCAGT	5	430	430	100.0	0	0	0
TE000407	Chr1	3524082	mPing#DNA/Harbinger_	mPing	somatic_insertion	0.4	0.2	1	0	-	AGT	3	430	430	100.0	0	0	0
TE000420	Chr1	3625566	mPing#DNA/Harbinger_	mPing	somatic_insertion	0.4	0.2	1	0	+	GAT	3	430	430	100.0	0	0	0
TE000103	Chr1	3632746	mPing#DNA/Harbinger_	mPing	heterozygous	1.0	0.5	1	0	+	ACTC	4	430	430	100.0	0	0	0
TE000290	Chr1	3657777	mPing#DNA/Harbinger_	mPing	somatic_insertion	0.1	0.05	1	0	-	AAA	3	430	430	100.0	0	0	0
TE000130	Chr1	3686426	mPing#DNA/Harbinger_	mPing	heterozygous	1.0	0.5	1	0	+	TAGAA	5	430	430	100.0	0	0	0
TE000052	Chr1	3847657	mPing#DNA/Harbinger_	mPing	homozygous	1.0	1.0	1	1	+	TTCC	4	430	430	100.0	0	0	0
TE000448	Chr1	3853241	mPing#DNA/Harbinger_	mPing	somatic_insertion	0.4	0.2	1	0	+	GGTA	4	430	430	100.0	0	0	0
TE000192	Chr1	4011644	mPing#DNA/Harbinger_	mPing	heterozygous	1.0	0.5	1	0	+	CAAC	4	430	430	100.0	0	0	0
TE000098	Chr1	4076204	mPing#DNA/Harbinger_	mPing	homozygous	1.0	1.0	1	1	-	CAGGT	5	430	430	100.0	0	0	0
TE000197	Chr1	4250263	mPing#DNA/Harbinger_	mPing	heterozygous	1.0	0.5	1	0	-	GAC	3	430	430	100.0	0	0	0
TE000363	Chr1	4277993	mPing#DNA/Harbinger_	mPing	somatic_insertion	0.2	0.1	1	0	-	GAAGT	5	430	430	100.0	0	0	0
TE000201	Chr1	4279372	mPing#DNA/Harbinger_	mPing	somatic_insertion	0.1	0.05	1	0	+	AATAC	5	430	430	100.0	0	0	0
TE000108	Chr1	4588506	mPing#DNA/Harbinger_	mPing	heterozygous	1.0	0.5	1	0	+	ATC	3	430	430	100.0	0	0	0
TE000341	Chr1	4618158	mPing#DNA/Harbinger_	mPing	somatic_insertion	0.2	0.1	1	0	+	ACAAT	5	430	430	100.0	0	0	0
TE000398	Chr1	4662272	mPing#DNA/Harbinger_	mPing	somatic_insertion	0.2	0.1	1	0	+	GGA	3	430	430	100.0	0	0	0
TE000493	Chr1	4761964	mPing#DNA/Harbinger_	mPing	somatic_insertion	0.4	0.2	1	0	-	TTA	3	430	430	100.0	0	0	0
TE000396	Chr1	4796252	mPing#DNA/Harbinger_	mPing	somatic_insertion	0.2	0.1	1	0	-	TATAC	5	430	430	100.0	0	0	0
TE000015	Chr1	4913598	mPing#DNA/Harbinger_	mPing	homozygous	1.0	1.0	1	1	-	AGC	3	430	430	100.0	0	0	0
TE000223	Chr1	5014106	mPing#DNA/Harbinger_	mPing	somatic_insertion	0.1	0.05	1	0	-	TGAT	4	430	430	100.0	0	0	0
TE000405	Chr1	5026148	mPing#DNA/Harbinger_	mPing	somatic_insertion	0.4	0.2	1	0	+	TCT	3	430	430	100.0	0	0	0
TE000307	Chr1	5325690	mPing#DNA/Harbinger_	mPing	somatic_insertion	0.2	0.1	1	0	-	AACT	4	430	430	100.0	0	0	0
TE000164	Chr1	5355240	mPing#DNA/Harbinger_	mPing	heterozygous	1.0	0.5	1	0	-	TCCCC	5	430	430	100.0	0	0	0
TE000110	Chr1	5420105	mPing#DNA/Harbinger_	mPing	heterozygous	1.0	0.5	1	0	+	TTCT	4	430	430	100.0	0	0	0
TE000239	Chr1	5554846	mPing#DNA/Harbinger_	mPing	somatic_insertion	0.1	0.05	1	0	+	CAAAA	5	430	430	100.0	0	0	0
TE000017	Chr1	5613282	mPing#DNA/Harbinger_	mPing	homozygous	1.0	1.0	1	1	+	GGTT	4	430	430	100.0	0	0	0
TE000132	Chr1	5622368	mPing#DNA/Harbinger_	mPing	heterozygous	1.0	0.5	1	0	-	TGTC	4	430	430	100.0	0	0	0
TE000427	Chr1	5713727	mPing#DNA/Harbinger_	mPing	somatic_insertion	0.4	0.2	1	0	+	CAA	3	430	430	100.0	0	0	0
TE000221	Chr1	5789574	mPing#DNA/Harbinger_	mPing	somatic_insertion	0.1	0.05	1	0	-	GCC	3	430	430	100.0	0	0	0
TE000419	Chr1	5914766	mPing#DNA/Harbinger_	mPing	somatic_insertion	0.4	0.2	1	0	+	TAAC	4	430	430	100.0	0	0	0
TE000054	Chr1	5924767	mPing#DNA/Harbinger_	mPing	homozygous	1.0	1.0	1	1	-	AAGC	4	430	430	100.0	0	0	0
TE000250	Chr1	5977591	mPing#DNA/Harbinger_	mPing	somatic_insertion	0.1	0.05	1	0	+	AAA	3	430	430	100.0	0	0	0
TE000247	Chr1	5998062	mPing#DNA/Harbinger_	mPing	somatic_insertion	0.1	0.05	1	0	+	GACGT	5	430	430	100.0	0	0	0
TE000051	Chr1	6154884	mPing#DNA/Harbinger_	mPing	homozygous	1.0	1.0	1	1	-	CTTA	4	430	430	100.0	0	0	0
TE000481	Chr1	6179044	mPing#DNA/Harbinger_	mPing	somatic_insertion	0.4	0.2	1	0	-	GAA	3	430	430	100.0	0	0	0
TE000002	Chr1	6270811	mPing#DNA/Harbinger_	mPing	homozygous	1.0	1.0	1	1	-	CCCA	4	430	430	100.0	0	0	0
TE000437	Chr1	6273577	mPing#DNA/Harbinger_	mPing	somatic_insertion	0.4	0.2	1	0	-	TCATT	5	430	430	100.0	0	0	0
TE000125	Chr1	6351350	mPing#DNA/Harbinger_	mPing	heterozygous	1.0	0.5	1	0	-	TGGT	4	430	430	100.0	0	0	0
TE000162	Chr1	6363508	mPing#DNA/Harbinger_	mPing	heterozygous	1.0	0.5	1	0	+	CGTC	4	430	430	100.0	0	0	0
TE000300	Chr1	6369415	mPing#DNA/Harbinger_	mPing	somatic_insertion	0.1	0.05	1	0	+	CTCA	4	430	430	100.0	0	0	0
TE000008	Chr1	6504605	mPing#DNA/Harbinger_	mPing	homozygous	1.0	1.0	1	1	+	GAA	3	430	430	100.0	0	0	0
TE000224	Chr1	6729496	mPing#DNA/Harbinger_	mPing	somatic_insertion	0.1	0.05	1	0	-	TTTAG	5	430	430	100.0	0	0	0
TE000359	Chr1	6748558	mPing#DNA/Harbinger_	mPing	somatic_insertion	0.2	0.1	1	0	-	ATCT	4	430	430	100.0	0	0	0
TE000042	Chr1	6820502	mPing#DNA/Harbinger_	mPing	homozygous	1.0	1.0	1	1	-	CCGTT	5	430	430	100.0	0	0	0
TE000399	Chr1	6933057	mPing#DNA/Harbinger_	mPing	somatic_insertion	0.2	0.1	1	0	-	AATCC	5	430	430	100.0	0	0	0
TE000344	Chr1	7040058	mPing#DNA/Harbinger_	mPing	somatic_insertion	0.2	0.1	1	0	-	CAG	3	430	430	100.0	0	0	0
TE000184	Chr1	7072388	mPing#DNA/Harbinger_	mPing	heterozygous	1.0	0.5	1	0	+	CCGTG	5	430	430	100.0	0	0	0
TE000394	Chr1	7073314	mPing#DNA/Harbinger_	mPing	somatic_insertion	0.2	0.1	1	0	-	GGCAG	5	430	430	100.0	0	0	0
TE000194	Chr1	7099662	mPing#DNA/Harbinger_	mPing	heterozygous	1.0	0.5	1	0	+	AGGGT	5	430	430	100.0	0	0	0
TE000451	Chr1	7140711	mPing#DNA/Harbinger_	mPing	somatic_insertion	0.4	0.2	1	0	+	ACGTA	5	430	430	100.0	0	0	0
TE000231	Chr1	7256306	mPing#DNA/Harbinger_	mPing	somatic_insertion	0.1	0.05	1	0	-	GTCA	4	430	430	100.0	0	0	0
TE000406	Chr1	7408436	mPing#DNA/Harbinger_	mPing	somatic_insertion	0.4	0.2	1	0	-	TTT	3	430	430	100.0	0	0	0
TE000354	Chr1	7566017	mPing#DNA/Harbinger_	mPing	somatic_insertion	0.2	0.1	1	0	-	ATT	3	430	430	100.0	0	0	0
TE000087	Chr1	7725034	mPing#DNA/Harbinger_	mPing	homozygous	1.0	1.0	1	1	+	CTCAG	5	430	430	100.0	0	0	0
TE000007	Chr1	7804053	mPing#DNA/Harbinger_	mPing	homozygous	1.0	1.0	1	1	-	CAT	3	430	430	100.0	0	0	0
TE000411	Chr1	7981016	mPing#DNA/Harbinger_	mPing	somatic_insertion	0.4	0.2	1	0	-	ACGGG	5	430	430	100.0	0	0	0
TE000149	Chr1	8060064	mPing#DNA/Harbinger_	mPing	heterozygous	1.0	0.5	1	0	-	TTTTT	5	430	430	100.0	0	0	0
TE000310	Chr1	8061063	mPing#DNA/Harbinger_	mPing	somatic_insertion	0.2	0.1	1	0	+	AAAA	4	430	430	100.0	0	0	0
TE000117	Chr1	8062523	mPing#DNA/Harbinger_	mPing	heterozygous	1.0	0.5	1	0	-	CCG	3	430	430	100.0	0	0	0
TE000133	Chr1	8138851	mPing#DNA/Harbinger_	mPing	heterozygous	1.0	0.5	1	0	-	AGGT	4	430	430	100.0	0	0	0
TE000320	Chr1	8279355	mPing#DNA/Harbinger_	mPing	somatic_insertion	0.2	0.1	1	0	-	CCTT	4	430	430	100.0	0	0	0
TE000364	Chr1	8377730	mPing#DNA/Harbinger_	mPing	somatic_insertion	0.2	0.1	1	0	-	TATTC	5	430	430	100.0	0	0	0
TE000464	Chr1	8424941	mPing#DNA/Harbinger_	mPing	somatic_insertion	0.4	0.2	1	0	+	TAAT	4	430	430	100.0	0	0	0
TE000139	Chr1	8652303	mPing#DNA/Harbinger_	mPing	heterozygous	1.0	0.5	1	0	-	TAAC	4	430	430	100.0	0	0	0
TE000496	Chr1	8660428	mPing#DNA/Harbinger_	mPing	somatic_insertion	0.4	0.2	1	0	-	CCAT	4	430	430	100.0	0	0	0
TE000413	Chr1	8671569	mPing#DNA/Harbinger_	mPing	somatic_insertion	0.4	0.2	1	0	+	TAAAT	5	430	430	100.0	0	0	0
TE000460	Chr1	8860699	mPing#DNA/Harbinger_	mPing	somatic_insertion	0.4	0.2	1	0	+	GCT	3	430	430	100.0	0	0	0
TE000337	Chr1	8896339	mPing#DNA/Harbinger_	mPing	somatic_insertion	0.2	0.1	1	0	+	TATT	4	430	430	100.0	0	0	0
TE000165	Chr1	8960150	mPing#DNA/Harbinger_	mPing	heterozygous	1.0	0.5	1	0	-	ATCTT	5	430	430	100.0	0	0	0
TE000208	Chr1	9138972	mPing#DNA/Harbinger_	mPing	somatic_insertion	0.1	0.05	1	0	-	CGC	3	430	430	100.0	0	0	0
TE000102	Chr1	9422255	mPing#DNA/Harbinger_	mPing	heterozygous	1.0	0.5	1	0	-	ATTT	4	430	430	100.0	0	0	0
TE000135	Chr1	9728199	mPing#DNA/Harbinger_	mPing	heterozygous	1.0	0.5	1	0	+	TTTTC	5	430	430	100.0	0	0	0
TE000332	Chr1	9729830	mPing#DNA/Harbinger_	mPing	somatic_insertion	0.2	0.1	1	0	+	TTTGC	5	430	430	100.0	0	0	0
TE000438	Chr1	9820114	mPing#DNA/Harbinger_	mPing	somatic_insertion	0.4	0.2	1	0	+	ATT	3	430	430	100.0	0	0	0
TE000280	Chr1	9848059	mPing#DNA/Harbinger_	mPing	somatic_insertion	0.1	0.05	1	0	-	AAAC	4	430	430	100.0	0	0	0
TE000305	Chr1	9973405	mPing#DNA/Harbinger_	mPing	somatic_insertion	0.2	0.1	1	0	-	CCAA	4	430	430	100.0	0	0	0
TE000169	Chr1	10164370	mPing#DNA/Harbinger_	mPing	heterozygous	1.0	0.5	1	0	-	CGT	3	430	430	100.0	0	0	0
TE000122	Chr1	10172541	mPing#DNA/Harbinger_	mPing	heterozygous	1.0	0.5	1	0	+	CCA	3	430	430	100.0	0	0	0
TE000352	Chr1	10226406	mPing#DNA/Harbinger_	mPing	somatic_insertion	0.2	0.1	1	0	+	CTCTT	5	430	430	100.0	0	0	0
TE000259	Chr1	10642884	mPing#DNA/Harbinger_	mPing	somatic_insertion	0.1	0.05	1	0	+	ATAGG	5	430	430	100.0	0	0	0
TE000074	Chr1	10749715	mPing#DNA/Harbinger_	mPing	homozygous	1.0	1.0	1	1	+	CATAC	5	430	430	100.0	0	0	0
TE000225	Chr1	10811666	mPing#DNA/Harbinger_	mPing	somatic_insertion	0.1	0.05	1	0	-	AAC	3	430	430	100.0	0	0	0
TE000141	Chr1	10823001	mPing#DNA/Harbinger_	mPing	heterozygous	1.0	0.5	1	0	+	CTTGG	5	430	430	100.0	0	0	0
TE000180	Chr1	10917453	mPing#DNA/Harbinger_	mPing	heterozygous	1.0	0.5	1	0	+	TCGGT	5	430	430	100.0	0	0	0
TE000314	Chr1	10952490	mPing#DNA/Harbinger_	mPing	somatic_insertion	0.2	0.1	1	0	-	AGT	3	430	430	100.0	0	0	0
TE000107	Chr1	11120036	mPing#DNA/Harbinger_	mPing	heterozygous	1.0	0.5	1	0	-	GCATG	5	430	430	100.0	0	0	0
TE000093	Chr1	11147032	mPing#DNA/Harbinger_	mPing	homozygous	1.0	1.0	1	1	+	CCAAA	5	430	430	100.0	0	0	0
TE000322	Chr1	11367893	mPing#DNA/Harbinger_	mPing	somatic_insertion	0.2	0.1	1	0	+	TTCAA	5	430	430	100.0	0	0	0
TE000084	Chr1	11375910	mPing#DNA/Harbinger_	mPing	homozygous	1.0	1.0	1	1	-	GTAT	4	430	430	100.0	0	0	0
TE000390	Chr1	11491052	mPing#DNA/Harbinger_	mPing	somatic_insertion	0.2	0.1	1	0	+	CCTTG	5	430	430	100.0	0	0	0
TE000035	Chr1	11761374	mPing#DNA/Harbinger_	mPing	homozygous	1.0	1.0	1	1	-	GAC	3	430	430	100.0	0	0	0
TE000100	Chr1	11949920	mPing#DNA/Harbinger_	mPing	homozygous	1.0	1.0	1	1	+	CTTCC	5	430	430	100.0	0	0	0
TE000456	Chr1	11984721	mPing#DNA/Harbinger_	mPing	somatic_insertion	0.4	0.2	1	0	+	CAGGT	5	430	430	100.0	0	0	0
TE000342	Chr1	11999202	mPing#DNA/Harbinger_	mPing	somatic_insertion	0.2	0.1	1	0	+	TTATA	5	430	430	100.0	0	0	0
TE000335	Chr1	12153547	mPing#DNA/Harbinger_	mPing	somatic_insertion	0.2	0.1	1	0	+	CAA	3	430	430	100.0	0	0	0
TE000158	Chr1	12176903	mPing#DNA/Harbinger_	mPing	heterozygous	1.0	0.5	1	0	-	TTT	3	430	430	100.0	0	0	0
TE000095	Chr1	12355933	mPing#DNA/Harbinger_	mPing	homozygous	1.0	1.0	1	1	+	TGTTT	5	430	430	100.0	0	0	0
TE000206	Chr1	12408567	mPing#DNA/Harbinger_	mPing	somatic_insertion	0.1	0.05	1	0	+	CGA	3	430	430	100.0	0	0	0
TE000210	Chr1	12514196	mPing#DNA/Harbinger_	mPing	somatic_insertion	0.1	0.05	1	0	+	GTTTC	5	430	430	100.0	0	0	0
TE000425	Chr1	12613286	mPing#DNA/Harbinger_	mPing	somatic_insertion	0.4	0.2	1	0	+	GGGA	4	430	430	100.0	0	0	0
TE000040	Chr1	12628618	mPing#DNA/Harbinger_	mPing	homozygous	1.0	1.0	1	1	+	TCCAT	5	430	430	100.0	0	0	0
TE000123	Chr1	12729861	mPing#DNA/Harbinger_	mPing	heterozygous	1.0	0.5	1	0	-	AAGGT	5	430	430	100.0	0	0	0
TE000147	Chr1	12792719	mPing#DNA/Harbinger_	mPing	heterozygous	1.0	0.5	1	0	-	ACC	3	430	430	100.0	0	0	0
TE000482	Chr1	12830329	mPing#DNA/Harbinger_	mPing	somatic_insertion	0.4	0.2	1	0	-	AAAGA	5	430	430	100.0	0	0	0
TE000389	Chr1	13056156	mPing#DNA/Harbinger_	mPing	somatic_insertion	0.2	0.1	1	0	-	GTT	3	430	430	100.0	0	0	0
TE000013	Chr1	13082088	mPing#DNA/Harbinger_	mPing	homozygous	1.0	1.0	1	1	-	TCTCT	5	430	430	100.0	0	0	0
TE000237	Chr1	13244366	mPing#DNA/Harbinger_	mPing	somatic_insertion	0.1	0.05	1	0	-	GATG	4	430	430	100.0	0	0	0
TE000153	Chr1	13294448	mPing#DNA/Harbinger_	mPing	heterozygous	1.0	0.5	1	0	+	ACATT	5	430	430	100.0	0	0	0
TE000471	Chr1	13310852	mPing#DNA/Harbinger_	mPing	somatic_insertion	0.4	0.2	1	0	+	GGC	3	430	430	100.0	0	0	0
TE000262	Chr1	13354767	mPing#DNA/Harbinger_	mPing	somatic_insertion	0.1	0.05	1	0	+	GTA	3	430	430	100.0	0	0	0
TE000091	Chr1	13404109	mPing#DNA/Harbinger_	mPing	homozygous	1.0	1.0	1	1	+	CTG	3	430	430	100.0	0	0	0
TE000269	Chr1	13676641	mPing#DNA/Harbinger_	mPing	somatic_insertion	0.1	0.05	1	0	-	CAGG	4	430	430	100.0	0	0	0
TE000353	Chr1	13688757	mPing#DNA/Harbinger_	mPing	somatic_insertion	0.2	0.1	1	0	+	ATCA	4	430	430	100.0	0	0	0
TE000195	Chr1	13727648	mPing#DNA/Harbinger_	mPing	heterozygous	1.0	0.5	1	0	+	CATTC	5	430	430	100.0	0	0	0
TE000174	Chr1	13920962	mPing#DNA/Harbinger_	mPing	heterozygous	1.0	0.5	1	0	+	GGAGC	5	430	430	100.0	0	0	0
TE000032	Chr1	14000451	mPing#DNA/Harbinger_	mPing	homozygous	1.0	1.0	1	1	-	AATT	4	430	430	100.0	0	0	0
TE000260	Chr1	14065459	mPing#DNA/Harbinger_	mPing	somatic_insertion	0.1	0.05	1	0	-	GTC	3	430	430	100.0	0	0	0
TE000240	Chr1	14128993	mPing#DNA/Harbinger_	mPing	somatic_insertion	0.1	0.05	1	0	-	ACCA	4	430	430	100.0	0	0	0
TE000059	Chr1	14172499	mPing#DNA/Harbinger_	mPing	homozygous	1.0	1.0	1	1	+	CAT	3	430	430	100.0	0	0	0
TE000339	Chr1	14205105	mPing#DNA/Harbinger_	mPing	somatic_insertion	0.2	0.1	1	0	+	AAA	3	430	430	100.0	0	0	0
TE000150	Chr1	14240050	mPing#DNA/Harbinger_	mPing	heterozygous	1.0	0.5	1	0	+	GCTA	4	430	430	100.0	0	0	0
TE000203	Chr1	14397828	mPing#DNA/Harbinger_	mPing	somatic_insertion	0.1	0.05	1	0	+	TTAT	4	430	430	100.0	0	0	0
TE000030	Chr1	14526761	mPing#DNA/Harbinger_	mPing	homozygous	1.0	1.0	1	1	+	ATAG	4	430	430	100.0	0	0	0
TE000292	Chr1	14545886	mPing#DNA/Harbinger_	mPing	somatic_insertion	0.1	0.05	1	0	-	AGAAC	5	430	430	100.0	0	0	0
TE000099	Chr1	14726368	mPing#DNA/Harbinger_	mPing	homozygous	1.0	1.0	1	1	+	TGATC	5	430	430	100.0	0	0	0
TE000465	Chr1	14764737	mPing#DNA/Harbinger_	mPing	somatic_insertion	0.4	0.2	1	0	+	GTG	3	430	430	100.0	0	0	0
TE000090	Chr1	14777702	mPing#DNA/Harbinger_	mPing	homozygous	1.0	1.0	1	1	-	GCGCG	5	430	430	100.0	0	0	0
TE000155	Chr1	14856062	mPing#DNA/Harbinger_	mPing	heterozygous	1.0	0.5	1	0	+	CCTA	4	430	430	100.0	0	0	0
TE000351	Chr1	14904896	mPing#DNA/Harbinger_	mPing	somatic_insertion	0.2	0.1	1	0	-	GAA	3	430	430	100.0	0	0	0
TE000157	Chr1	14914106	mPing#DNA/Harbinger_	mPing	heterozygous	1.0	0.5	1	0	+	TTCAA	5	430	430	100.0	0	0	0
TE000055	Chr1	14952810	mPing#DNA/Harbinger_	mPing	homozygous	1.0	1.0	1	1	+	CTGGG	5	430	430	100.0	0	0	0
TE000450	Chr1	15140377	mPing#DNA/Harbinger_	mPing	somatic_insertion	0.4	0.2	1	0	+	TAAT	4	430	430	100.0	0	0	0
TE000077	Chr1	15173349	mPing#DNA/Harbinger_	mPing	homozygous	1.0	1.0	1	1	+	GCC	3	430	430	100.0	0	0	0
TE000357	Chr1	15212756	mPing#DNA/Harbinger_	mPing	somatic_insertion	0.2	0.1	1	0	-	GGTC	4	430	430	100.0	0	0	0
TE000137	Chr1	15227283	mPing#DNA/Harbinger_	mPing	heterozygous	1.0	0.5	1	0	+	AATTC	5	430	430	100.0	0	0	0
TE000119	Chr1	15268188	mPing#DNA/Harbinger_	mPing	heterozygous	1.0	0.5	1	0	-	AAACA	5	430	430	100.0	0	0	0
TE000043	Chr1	15757377	mPing#DNA/Harbinger_	mPing	homozygous	1.0	1.0	1	1	+	TTT	3	430	430	100.0	0	0	0
TE000325	Chr1	15770082	mPing#DNA/Harbinger_	mPing	somatic_insertion	0.2	0.1	1	0	-	TTA	3	430	430	100.0	0	0	0
TE000047	Chr1	15786568	mPing#DNA/Harbinger_	mPing	homozygous	1.0	1.0	1	1	+	CAA	3	430	430	100.0	0	0	0
TE000379	Chr1	15895473	mPing#DNA/Harbinger_	mPing	somatic_insertion	0.2	0.1	1	0	-	GAAT	4	430	430	100.0	0	0	0
TE000011	Chr1	15903326	mPing#DNA/Harbinger_	mPing	homozygous	1.0	1.0	1	1	+	ATGTG	5	430	430	100.0	0	0	0
TE000171	Chr1	16170247	mPing#DNA/Harbinger_	mPing	heterozygous	1.0	0.5	1	0	-	GGCTC	5	430	430	100.0	0	0	0
TE000477	Chr1	16186152	mPing#DNA/Harbinger_	mPing	somatic_insertion	0.4	0.2	1	0	+	TCTCT	5	430	430	100.0	0	0	0
TE000005	Chr1	16232473	mPing#DNA/Harbinger_	mPing	homozygous	1.0	1.0	1	1	-	TCAGC	5	430	430	100.0	0	0	0
TE000088	Chr1	16300658	mPing#DNA/Harbinger_	mPing	homozygous	1.0	1.0	1	1	+	ACCT	4	430	430	100.0	0	0	0
TE000233	Chr1	16349331	mPing#DNA/Harbinger_	mPing	somatic_insertion	0.1	0.05	1	0	+	CGTC	4	430	430	100.0	0	0	0
TE000479	Chr1	16445538	mPing#DNA/Harbinger_	mPing	somatic_insertion	0.4	0.2	1	0	-	GTTGT	5	430	430	100.0	0	0	0
TE000009	Chr1	16529124	mPing#DNA/Harbinger_	mPing	homozygous	1.0	1.0	1	1	+	AGTTA	5	430	430	100.0	0	0	0
TE000057	Chr1	16786667	mPing#DNA/Harbinger_	mPing	homozygous	1.0	1.0	1	1	-	GCCA	4	430	430	100.0	0	0	0
TE000386	Chr1	16809077	mPing#DNA/Harbinger_	mPing	somatic_insertion	0.2	0.1	1	0	+	GCAA	4	430	430	100.0	0	0	0
TE000129	Chr1	16852180	mPing#DNA/Harbinger_	mPing	heterozygous	1.0	0.5	1	0	+	CTCAA	5	430	430	100.0	0	0	0
TE000058	Chr1	17003650	mPing#DNA/Harbinger_	mPing	homozygous	1.0	1.0	1	1	+	ATGT	4	430	430	100.0	0	0	0
TE000219	Chr1	17174513	mPing#DNA/Harbinger_	mPing	somatic_insertion	0.1	0.05	1	0	-	GGC	3	430	430	100.0	0	0	0
TE000383	Chr1	17230609	mPing#DNA/Harbinger_	mPing	somatic_insertion	0.2	0.1	1	0	+	CTA	3	430	430	100.0	0	0	0
TE000004	Chr1	17262285	mPing#DNA/Harbinger_	mPing	homozygous	1.0	1.0	1	1	+	CAGAT	5	430	430	100.0	0	0	0
TE000183	Chr1	17393358	mPing#DNA/Harbinger_	mPing	heterozygous	1.0	0.5	1	0	-	AAGAC	5	430	430	100.0	0	0	0
TE000163	Chr1	17497008	mPing#DNA/Harbinger_	mPing	heterozygous	1.0	0.5	1	0	+	TGTCC	5	430	430	100.0	0	0	0
TE000244	Chr1	17584460	mPing#DNA/Harbinger_	mPing	somatic_insertion	0.1	0.05	1	0	-	TTA	3	430	430	100.0	0	0	0
TE000172	Chr1	17821938	mPing#DNA/Harbinger_	mPing	heterozygous	1.0	0.5	1	0	+	GGATT	5	430	430	100.0	0	0	0
TE000444	Chr1	17839583	mPing#DNA/Harbinger_	mPing	somatic_insertion	0.4	0.2	1	0	+	TGT	3	430	430	100.0	0	0	0
TE000291	Chr1	17867211	mPing#DNA/Harbinger_	mPing	somatic_insertion	0.1	0.05	1	0	+	TGT	3	430	430	100.0	0	0	0
TE000056	Chr1	17892820	mPing#DNA/Harbinger_	mPing	homozygous	1.0	1.0	1	1	+	TCC	3	430	430	100.0	0	0	0
TE000188	Chr1	18116333	mPing#DNA/Harbinger_	mPing	heterozygous	1.0	0.5	1	0	-	AGCGA	5	430	430	100.0	0	0	0
TE000313	Chr1	18133624	mPing#DNA/Harbinger_	mPing	somatic_insertion	0.2	0.1	1	0	-	AAA	3	430	430	100.0	0	0	0
TE000251	Chr1	18319665	mPing#DNA/Harbinger_	mPing	somatic_insertion	0.1	0.05	1	0	-	ACAA	4	430	430	100.0	0	0	0
TE000182	Chr1	18356692	mPing#DNA/Harbinger_	mPing	heterozygous	1.0	0.5	1	0	-	CTC	3	430	430	100.0	0	0	0
TE000079	Chr1	18362655	mPing#DNA/Harbinger_	mPing	homozygous	1.0	1.0	1	1	+	TAA	3	430	430	100.0	0	0	0
TE000424	Chr1	18372649	mPing#DNA/Harbinger_	mPing	somatic_insertion	0.4	0.2	1	0	-	ACT	3	430	430	100.0	0	0	0
TE000434	Chr1	18521172	mPing#DNA/Harbinger_	mPing	somatic_insertion	0.4	0.2	1	0	+	TCCC	4	430	430	100.0	0	0	0
TE000080	Chr1	18564399	mPing#DNA/Harbinger_	mPing	homozygous	1.0	1.0	1	1	-	GAT	3	430	430	100.0	0	0	0
TE000228	Chr1	18667417	mPing#DNA/Harbinger_	mPing	somatic_insertion	0.1	0.05	1	0	-	ACCTA	5	430	430	100.0	0	0	0
TE000154	Chr1	18710342	mPing#DNA/Harbinger_	mPing	heterozygous	1.0	0.5	1	0	-	TCC	3	430	430	100.0	0	0	0
TE000265	Chr1	18847587	mPing#DNA/Harbinger_	mPing	somatic_insertion	0.1	0.05	1	0	-	CCGAT	5	430	430	100.0	0	0	0
TE000254	Chr1	18868961	mPing#DNA/Harbinger_	mPing	somatic_insertion	0.1	0.05	1	0	-	TAAA	4	430	430	100.0	0	0	0
TE000045	Chr1	18927780	mPing#DNA/Harbinger_	mPing	homozygous	1.0	1.0	1	1	-	CTA	3	430	430	100.0	0	0	0
TE000214	Chr1	18954593	mPing#DNA/Harbinger_	mPing	somatic_insertion	0.1	0.05	1	0	-	AGGT	4	430	430	100.0	0	0	0
TE000124	Chr1	19002623	mPing#DNA/Harbinger_	mPing	heterozygous	1.0	0.5	1	0	+	AAAT	4	430	430	100.0	0	0	0
TE000085	Chr1	19117298	mPing#DNA/Harbinger_	mPing	homozygous	1.0	1.0	1	1	-	CCCAG	5	430	430	100.0	0	0	0
TE000065	Chr1	19211514	mPing#DNA/Harbinger_	mPing	homozygous	1.0	1.0	1	1	+	CGTGT	5	430	430	100.0	0	0	0
TE000127	Chr1	19290501	mPing#DNA/Harbinger_	mPing	heterozygous	1.0	0.5	1	0	-	GAGCT	5	430	430	100.0	0	0	0
TE000315	Chr1	19326283	mPing#DNA/Harbinger_	mPing	somatic_insertion	0.2	0.1	1	0	+	GCA	3	430	430	100.0	0	0	0
TE000361	Chr1	19368965	mPing#DNA/Harbinger_	mPing	somatic_insertion	0.2	0.1	1	0	+	CCC	3	430	430	100.0	0	0	0
TE000295	Chr1	19416296	mPing#DNA/Harbinger_	mPing	somatic_insertion	0.1	0.05	1	0	-	GCGA	4	430	430	100.0	0	0	0
TE000226	Chr1	19473814	mPing#DNA/Harbinger_	mPing	somatic_insertion	0.1	0.05	1	0	+	TGAA	4	430	430	100.0	0	0	0
TE000401	Chr1	19630664	mPing#DNA/Harbinger_	mPing	somatic_insertion	0.4	0.2	1	0	+	CCTTC	5	430	430	100.0	0	0	0
TE000327	Chr1	19645614	mPing#DNA/Harbinger_	mPing	somatic_insertion	0.2	0.1	1	0	-	AGGA	4	430	430	100.0	0	0	0
TE000179	Chr1	19744402	mPing#DNA/Harbinger_	mPing	heterozygous	1.0	0.5	1	0	+	GCC	3	430	430	100.0	0	0	0
TE000466	Chr1	19749650	mPing#DNA/Harbinger_	mPing	somatic_insertion	0.4	0.2	1	0	-	TCA	3	430	430	100.0	0	0	0
TE000143	Chr1	19809552	mPing#DNA/Harbinger_	mPing	heterozygous	1.0	0.5	1	0	-	GGGG	4	430	430	100.0	0	0	0
TE000191	Chr1	19835564	mPing#DNA/Harbinger_	mPing	heterozygous	1.0	0.5	1	0	+	GAC	3	430	430	100.0	0	0	0
TE000070	Chr1	19890040	mPing#DNA/Harbinger_	mPing	homozygous	1.0	1.0	1	1	+	ATATG	5	430	430	100.0	0	0	0
TE000066	Chr1	19914429	mPing#DNA/Harbinger_	mPing	homozygous	1.0	1.0	1	1	-	TTC	3	430	430	100.0	0	0	0
TE000113	Chr1	20117266	mPing#DNA/Harbinger_	mPing	heterozygous	1.0	0.5	1	0	-	CCTAC	5	430	430	100.0	0	0	0
TE000089	Chr1	20172023	mPing#DNA/Harbinger_	mPing	homozygous	1.0	1.0	1	1	-	GAATA	5	430	430	100.0	0	0	0
TE000317	Chr1	20199642	mPing#DNA/Harbinger_	mPing	somatic_insertion	0.2	0.1	1	0	+	ATGCA	5	430	430	100.0	0	0	0
TE000166	Chr1	20215786	mPing#DNA/Harbinger_	mPing	heterozygous	1.0	0.5	1	0	+	AACT	4	430	430	100.0	0	0	0
TE000345	Chr1	20341358	mPing#DNA/Harbinger_	mPing	somatic_insertion	0.2	0.1	1	0	-	CGCC	4	430	430	100.0	0	0	0
TE000140	Chr1	20414162	mPing#DNA/Harbinger_	mPing	heterozygous	1.0	0.5	1	0	-	ATT	3	430	430	100.0	0	0	0
TE000431	Chr1	20537098	mPing#DNA/Harbinger_	mPing	somatic_insertion	0.4	0.2	1	0	+	CCTA	4	430	430	100.0	0	0	0
TE000469	Chr1	20666760	mPing#DNA/Harbinger_	mPing	somatic_insertion	0.4	0.2	1	0	+	TCTTA	5	430	430	100.0	0	0	0
TE000423	Chr1	20674689	mPing#DNA/Harbinger_	mPing	somatic_insertion	0.4	0.2	1	0	+	TGCG	4	430	430	100.0	0	0	0
TE000278	Chr1	20683371	mPing#DNA/Harbinger_	mPing	somatic_insertion	0.1	0.05	1	0	-	ACT	3	430	430	100.0	0	0	0
TE000019	Chr1	20818398	mPing#DNA/Harbinger_	mPing	homozygous	1.0	1.0	1	1	-	GCC	3	430	430	100.0	0	0	0
TE000222	Chr1	20826600	mPing#DNA/Harbinger_	mPing	somatic_insertion	0.1	0.05	1	0	-	CGGCG	5	430	430	100.0	0	0	0
TE000433	Chr1	20836177	mPing#DNA/Harbinger_	mPing	somatic_insertion	0.4	0.2	1	0	+	GGCA	4	430	430	100.0	0	0	0
TE000360	Chr1	20957534	mPing#DNA/Harbinger_	mPing	somatic_insertion	0.2	0.1	1	0	+	GACG	4	430	430	100.0	0	0	0
TE000114	Chr1	20970984	mPing#DNA/Harbinger_	mPing	heterozygous	1.0	0.5	1	0	+	CTCGG	5	430	430	100.0	0	0	0
TE000432	Chr1	21053962	mPing#DNA/Harbinger_	mPing	somatic_insertion	0.4	0.2	1	0	-	GGTAA	5	430	430	100.0	0	0	0
TE000246	Chr1	21102001	mPing#DNA/Harbinger_	mPing	somatic_insertion	0.1	0.05	1	0	+	GTCGC	5	430	430	100.0	0	0	0
TE000443	Chr1	21136150	mPing#DNA/Harbinger_	mPing	somatic_insertion	0.4	0.2	1	0	+	GAT	3	430	430	100.0	0	0	0
TE000429	Chr1	21164737	mPing#DNA/Harbinger_	mPing	somatic_insertion	0.4	0.2	1	0	-	ACCAA	5	430	430	100.0	0	0	0
TE000118	Chr1	21171699	mPing#DNA/Harbinger_	mPing	heterozygous	1.0	0.5	1	0	-	TAAAA	5	430	430	100.0	0	0	0
TE000097	Chr1	21267261	mPing#DNA/Harbinger_	mPing	homozygous	1.0	1.0	1	1	-	GTGGT	5	430	430	100.0	0	0	0
TE000372	Chr1	21278077	mPing#DNA/Harbinger_	mPing	somatic_insertion	0.2	0.1	1	0	-	ATTA	4	430	430	100.0	0	0	0
TE000473	Chr1	21304123	mPing#DNA/Harbinger_	mPing	somatic_insertion	0.4	0.2	1	0	-	AGAGT	5	430	430	100.0	0	0	0
TE000297	Chr1	21314214	mPing#DNA/Harbinger_	mPing	somatic_insertion	0.1	0.05	1	0	+	CGCGT	5	430	430	100.0	0	0	0
TE000161	Chr1	21320962	mPing#DNA/Harbinger_	mPing	heterozygous	1.0	0.5	1	0	-	GCAC	4	430	430	100.0	0	0	0
TE000071	Chr1	21348033	mPing#DNA/Harbinger_	mPing	homozygous	1.0	1.0	1	1	-	GCTCT	5	430	430	100.0	0	0	0
TE000349	Chr1	21366510	mPing#DNA/Harbinger_	mPing	somatic_insertion	0.2	0.1	1	0	+	ACTAT	5	430	430	100.0	0	0	0
TE000027	Chr1	21369476	mPing#DNA/Harbinger_	mPing	homozygous	1.0	1.0	1	1	-	AGCGA	5	430	430	100.0	0	0	0
TE000076	Chr1	21375815	mPing#DNA/Harbinger_	mPing	homozygous	1.0	1.0	1	1	-	TTGGC	5	430	430	100.0	0	0	0
TE000387	Chr1	21390487	mPing#DNA/Harbinger_	mPing	somatic_insertion	0.2	0.1	1	0	-	TCTT	4	430	430	100.0	0	0	0
TE000189	Chr1	21446917	mPing#DNA/Harbinger_	mPing	heterozygous	1.0	0.5	1	0	+	CCGTG	5	430	430	100.0	0	0	0
TE000023	Chr1	21467148	mPing#DNA/Harbinger_	mPing	homozygous	1.0	1.0	1	1	+	ACGC	4	430	430	100.0	0	0	0
TE000021	Chr1	21501767	mPing#DNA/Harbinger_	mPing	homozygous	1.0	1.0	1	1	+	AACA	4	430	430	100.0	0	0	0
TE000273	Chr1	21549024	mPing#DNA/Harbinger_	mPing	somatic_insertion	0.1	0.05	1	0	+	AAAA	4	430	430	100.0	0	0	0
TE000318	Chr1	21597869	mPing#DNA/Harbinger_	mPing	somatic_insertion	0.2	0.1	1	0	+	TAT	3	430	430	100.0	0	0	0
TE000178	Chr1	21622224	mPing#DNA/Harbinger_	mPing	heterozygous	1.0	0.5	1	0	-	AAG	3	430	430	100.0	0	0	0
TE000333	Chr1	21661321	mPing#DNA/Harbinger_	mPing	somatic_insertion	0.2	0.1	1	0	-	TTGG	4	430	430	100.0	0	0	0
TE000409	Chr1	21707789	mPing#DNA/Harbinger_	mPing	somatic_insertion	0.4	0.2	1	0	-	CCC	3	430	430	100.0	0	0	0
TE000393	Chr1	21927564	mPing#DNA/Harbinger_	mPing	somatic_insertion	0.2	0.1	1	0	-	CAAGA	5	430	430	100.0	0	0	0
TE000487	Chr1	22168571	mPing#DNA/Harbinger_	mPing	somatic_insertion	0.4	0.2	1	0	-	ATTC	4	430	430	100.0	0	0	0
TE000031	Chr1	22193546	mPing#DNA/Harbinger_	mPing	homozygous	1.0	1.0	1	1	-	ATAG	4	430	430	100.0	0	0	0
TE000209	Chr1	22243861	mPing#DNA/Harbinger_	mPing	somatic_insertion	0.1	0.05	1	0	-	AAG	3	430	430	100.0	0	0	0
TE000138	Chr1	22299492	mPing#DNA/Harbinger_	mPing	heterozygous	1.0	0.5	1	0	+	CGAT	4	430	430	100.0	0	0	0
TE000014	Chr1	22326295	mPing#DNA/Harbinger_	mPing	homozygous	1.0	1.0	1	1	-	ATAA	4	430	430	100.0	0	0	0
TE000494	Chr1	22435249	mPing#DNA/Harbinger_	mPing	somatic_insertion	0.4	0.2	1	0	+	ATGT	4	430	430	100.0	0	0	0
TE000484	Chr1	22772765	mPing#DNA/Harbinger_	mPing	somatic_insertion	0.4	0.2	1	0	+	TGTT	4	430	430	100.0	0	0	0
TE000458	Chr1	23105518	mPing#DNA/Harbinger_	mPing	somatic_insertion	0.4	0.2	1	0	-	GGCA	4	430	430	100.0	0	0	0
TE000403	Chr1	23138054	mPing#DNA/Harbinger_	mPing	somatic_insertion	0.4	0.2	1	0	-	TGCGG	5	430	430	100.0	0	0	0
TE000367	Chr1	23257250	mPing#DNA/Harbinger_	mPing	somatic_insertion	0.2	0.1	1	0	+	CAATC	5	430	430	100.0	0	0	0
TE000268	Chr1	23373646	mPing#DNA/Harbinger_	mPing	somatic_insertion	0.1	0.05	1	0	+	GGCG	4	430	430	100.0	0	0	0
TE000490	Chr1	23384212	mPing#DNA/Harbinger_	mPing	somatic_insertion	0.4	0.2	1	0	+	CGG	3	430	430	100.0	0	0	0
TE000347	Chr1	23587777	mPing#DNA/Harbinger_	mPing	somatic_insertion	0.2	0.1	1	0	-	GGAAG	5	430	430	100.0	0	0	0
TE000304	Chr1	23705837	mPing#DNA/Harbinger_	mPing	somatic_insertion	0.2	0.1	1	0	+	TTC	3	430	430	100.0	0	0	0
TE000436	Chr1	23776726	mPing#DNA/Harbinger_	mPing	somatic_insertion	0.4	0.2	1	0	+	CTA	3	430	430	100.0	0	0	0
TE000092	Chr1	23814641	mPing#DNA/Harbinger_	mPing	homozygous	1.0	1.0	1	1	+	GCAG	4	430	430	100.0	0	0	0
TE000462	Chr1	23951343	mPing#DNA/Harbinger_	mPing	somatic_insertion	0.4	0.2	1	0	-	AAATA	5	430	430	100.0	0	0	0
TE000428	Chr1	23976771	mPing#DNA/Harbinger_	mPing	somatic_insertion	0.4	0.2	1	0	+	CGCCT	5	430	430	100.0	0	0	0
TE000368	Chr1	24014033	mPing#DNA/Harbinger_	mPing	somatic_insertion	0.2	0.1	1	0	-	TAAGT	5	430	430	100.0	0	0	0
TE000391	Chr1	24104994	mPing#DNA/Harbinger_	mPing	somatic_insertion	0.2	0.1	1	0	+	GCCT	4	430	430	100.0	0	0	0
TE000286	Chr1	24147922	mPing#DNA/Harbinger_	mPing	somatic_insertion	0.1	0.05	1	0	-	CCGG	4	430	430	100.0	0	0	0
TE000492	Chr1	24372658	mPing#DNA/Harbinger_	mPing	somatic_insertion	0.4	0.2	1	0	-	ACTG	4	430	430	100.0	0	0	0
TE000146	Chr1	24373566	mPing#DNA/Harbinger_	mPing	heterozygous	1.0	0.5	1	0	+	ACAA	4	430	430	100.0	0	0	0
TE000136	Chr1	24384015	mPing#DNA/Harbinger_	mPing	heterozygous	1.0	0.5	1	0	-	ACCAC	5	430	430	100.0	0	0	0
TE000430	Chr1	24445864	mPing#DNA/Harbinger_	mPing	somatic_insertion	0.4	0.2	1	0	-	CATT	4	430	430	100.0	0	0	0
TE000193	Chr1	24610381	mPing#DNA/Harbinger_	mPing	heterozygous	1.0	0.5	1	0	+	TAAA	4	430	430	100.0	0	0	0
TE000033	Chr1	24689236	mPing#DNA/Harbinger_	mPing	homozygous	1.0	1.0	1	1	-	TCAG	4	430	430	100.0	0	0	0
TE000358	Chr1	24709849	mPing#DNA/Harbinger_	mPing	somatic_insertion	0.2	0.1	1	0	-	GCAAC	5	430	430	100.0	0	0	0
TE000380	Chr1	24724584	mPing#DNA/Harbinger_	mPing	somatic_insertion	0.2	0.1	1	0	+	TATG	4	430	430	100.0	0	0	0
TE000382	Chr1	24737118	mPing#DNA/Harbinger_	mPing	somatic_insertion	0.2	0.1	1	0	+	TCTTG	5	430	430	100.0	0	0	0
TE000039	Chr1	24835092	mPing#DNA/Harbinger_	mPing	homozygous	1.0	1.0	1	1	-	TAAAG	5	430	430	100.0	0	0	0
TE000185	Chr1	25044948	mPing#DNA/Harbinger_	mPing	heterozygous	1.0	0.5	1	0	-	TAGGC	5	430	430	100.0	0	0	0
TE000229	Chr1	25094872	mPing#DNA/Harbinger_	mPing	somatic_insertion	0.1	0.05	1	0	-	CGC	3	430	430	100.0	0	0	0
TE000211	Chr1	25125998	mPing#DNA/Harbinger_	mPing	somatic_insertion	0.1	0.05	1	0	-	GAATC	5	430	430	100.0	0	0	0
TE000267	Chr1	25143559	mPing#DNA/Harbinger_	mPing	somatic_insertion	0.1	0.05	1	0	-	AAG	3	430	430	100.0	0	0	0
TE000499	Chr1	25266514	mPing#DNA/Harbinger_	mPing	somatic_insertion	0.4	0.2	1	0	+	TTT	3	430	430	100.0	0	0	0
TE000253	Chr1	25291930	mPing#DNA/Harbinger_	mPing	somatic_insertion	0.1	0.05	1	0	-	GAT	3	430	430	100.0	0	0	0
TE000270	Chr1	25347401	mPing#DNA/Harbinger_	mPing	somatic_insertion	0.1	0.05	1	0	+	TAC	3	430	430	100.0	0	0	0
TE000340	Chr1	25395062	mPing#DNA/Harbinger_	mPing	somatic_insertion	0.2	0.1	1	0	-	AAAG	4	430	430	100.0	0	0	0
TE000020	Chr1	25483681	mPing#DNA/Harbinger_	mPing	homozygous	1.0	1.0	1	1	+	ATC	3	430	430	100.0	0	0	0
TE000298	Chr1	25495849	mPing#DNA/Harbinger_	mPing	somatic_insertion	0.1	0.05	1	0	-	TGC	3	430	430	100.0	0	0	0
TE000151	Chr1	25711440	mPing#DNA/Harbinger_	mPing	heterozygous	1.0	0.5	1	0	+	ATCGG	5	430	430	100.0	0	0	0
TE000199	Chr1	25787335	mPing#DNA/Harbinger_	mPing	heterozygous	1.0	0.5	1	0	+	TTAA	4	430	430	100.0	0	0	0
TE000486	Chr1	26015902	mPing#DNA/Harbinger_	mPing	somatic_insertion	0.4	0.2	1	0	+	TCT	3	430	430	100.0	0	0	0
TE000447	Chr1	26029385	mPing#DNA/Harbinger_	mPing	somatic_insertion	0.4	0.2	1	0	-	ATTA	4	430	430	100.0	0	0	0
TE000375	Chr1	26116742	mPing#DNA/Harbinger_	mPing	somatic_insertion	0.2	0.1	1	0	-	ATTA	4	430	430	100.0	0	0	0
TE000284	Chr1	26126456	mPing#DNA/Harbinger_	mPing	somatic_insertion	0.1	0.05	1	0	+	AAGG	4	430	430	100.0	0	0	0
TE000480	Chr1	26150811	mPing#DNA/Harbinger_	mPing	somatic_insertion	0.4	0.2	1	0	+	GTTT	4	430	430	100.0	0	0	0
TE000073	Chr1	26252560	mPing#DNA/Harbinger_	mPing	homozygous	1.0	1.0	1	1	-	TGTAA	5	430	430	100.0	0	0	0
TE000385	Chr1	26263871	mPing#DNA/Harbinger_	mPing	somatic_insertion	0.2	0.1	1	0	+	GCGGG	5	430	430	100.0	0	0	0
TE000350	Chr1	26277111	mPing#DNA/Harbinger_	mPing	somatic_insertion	0.2	0.1	1	0	-	GTCAT	5	430	430	100.0	0	0	0
TE000255	Chr1	26575989	mPing#DNA/Harbinger_	mPing	somatic_insertion	0.1	0.05	1	0	-	CAC	3	430	430	100.0	0	0	0
TE000488	Chr1	26590399	mPing#DNA/Harbinger_	mPing	somatic_insertion	0.4	0.2	1	0	+	CAC	3	430	430	100.0	0	0	0
TE000234	Chr1	26689048	mPing#DNA/Harbinger_	mPing	somatic_insertion	0.1	0.05	1	0	-	CTGGG	5	430	430	100.0	0	0	0
TE000397	Chr1	26854324	mPing#DNA/Harbinger_	mPing	somatic_insertion	0.2	0.1	1	0	+	ACGGA	5	430	430	100.0	0	0	0
TE000116	Chr1	27520665	mPing#DNA/Harbinger_	mPing	heterozygous	1.0	0.5	1	0	+	TGCG	4	430	430	100.0	0	0	0
TE000338	Chr1	27656068	mPing#DNA/Harbinger_	mPing	somatic_insertion	0.2	0.1	1	0	-	AAAT	4	430	430	100.0	0	0	0
TE000159	Chr1	27708482	mPing#DNA/Harbinger_	mPing	heterozygous	1.0	0.5	1	0	-	CGG	3	430	430	100.0	0	0	0
TE000440	Chr1	27771457	mPing#DNA/Harbinger_	mPing	somatic_insertion	0.4	0.2	1	0	-	AAGA	4	430	430	100.0	0	0	0
TE000384	Chr1	27799122	mPing#DNA/Harbinger_	mPing	somatic_insertion	0.2	0.1	1	0	-	TATGG	5	430	430	100.0	0	0	0
TE000220	Chr1	27804016	mPing#DNA/Harbinger_	mPing	somatic_insertion	0.1	0.05	1	0	-	ATGTA	5	430	430	100.0	0	0	0
TE000134	Chr1	27937806	mPing#DNA/Harbinger_	mPing	heterozygous	1.0	0.5	1	0	+	GGCA	4	430	430	100.0	0	0	0
TE000324	Chr1	27990239	mPing#DNA/Harbinger_	mPing	somatic_insertion	0.2	0.1	1	0	-	AGA	3	430	430	100.0	0	0	0
TE000283	Chr1	27996569	mPing#DNA/Harbinger_	mPing	somatic_insertion	0.1	0.05	1	0	+	CGA	3	430	430	100.0	0	0	0
TE000167	Chr1	28032718	mPing#DNA/Harbinger_	mPing	heterozygous	1.0	0.5	1	0	+	ATT	3	430	430	100.0	0	0	0
TE000200	Chr1	28329239	mPing#DNA/Harbinger_	mPing	heterozygous	1.0	0.5	1	0	-	CGTAT	5	430	430	100.0	0	0	0
TE000301	Chr1	28369854	mPing#DNA/Harbinger_	mPing	somatic_insertion	0.2	0.1	1	0	+	AAT	3	430	430	100.0	0	0	0
TE000470	Chr1	28445879	mPing#DNA/Harbinger_	mPing	somatic_insertion	0.4	0.2	1	0	+	GCAAA	5	430	430	100.0	0	0	0
TE000177	Chr1	28537270	mPing#DNA/Harbinger_	mPing	heterozygous	1.0	0.5	1	0	-	GCA	3	430	430	100.0	0	0	0
TE000218	Chr1	28645446	mPing#DNA/Harbinger_	mPing	somatic_insertion	0.1	0.05	1	0	+	CCTCC	5	430	430	100.0	0	0	0
TE000236	Chr1	28661026	mPing#DNA/Harbinger_	mPing	somatic_insertion	0.1	0.05	1	0	-	ACT	3	430	430	100.0	0	0	0
TE000022	Chr1	28666716	mPing#DNA/Harbinger_	mPing	homozygous	1.0	1.0	1	1	+	TCT	3	430	430	100.0	0	0	0
TE000081	Chr1	28684200	mPing#DNA/Harbinger_	mPing	homozygous	1.0	1.0	1	1	+	CTTCT	5	430	430	100.0	0	0	0
TE000279	Chr1	28742529	mPing#DNA/Harbinger_	mPing	somatic_insertion	0.1	0.05	1	0	-	TGGA	4	430	430	100.0	0	0	0
TE000128	Chr1	28796480	mPing#DNA/Harbinger_	mPing	heterozygous	1.0	0.5	1	0	+	AAGC	4	430	430	100.0	0	0	0
TE000152	Chr1	28835429	mPing#DNA/Harbinger_	mPing	heterozygous	1.0	0.5	1	0	+	CGAG	4	430	430	100.0	0	0	0
TE000452	Chr1	28910478	mPing#DNA/Harbinger_	mPing	somatic_insertion	0.4	0.2	1	0	+	CGA	3	430	430	100.0	0	0	0
TE000302	Chr1	28965627	mPing#DNA/Harbinger_	mPing	somatic_insertion	0.2	0.1	1	0	-	AAAA	4	430	430	100.0	0	0	0
TE000497	Chr1	28969859	mPing#DNA/Harbinger_	mPing	somatic_insertion	0.4	0.2	1	0	-	TCCA	4	430	430	100.0	0	0	0
TE000264	Chr1	29026948	mPing#DNA/Harbinger_	mPing	somatic_insertion	0.1	0.05	1	0	-	GCTC	4	430	430	100.0	0	0	0
TE000408	Chr1	29110969	mPing#DNA/Harbinger_	mPing	somatic_insertion	0.4	0.2	1	0	-	TAT	3	430	430	100.0	0	0	0
TE000374	Chr1	29274203	mPing#DNA/Harbinger_	mPing	somatic_insertion	0.2	0.1	1	0	-	CACT	4	430	430	100.0	0	0	0
TE000442	Chr1	29286202	mPing#DNA/Harbinger_	mPing	somatic_insertion	0.4	0.2	1	0	+	TCAAT	5	430	430	100.0	0	0	0
TE000063	Chr1	29490470	mPing#DNA/Harbinger_	mPing	homozygous	1.0	1.0	1	1	+	AATCA	5	430	430	100.0	0	0	0
TE000204	Chr1	29514676	mPing#DNA/Harbinger_	mPing	somatic_insertion	0.1	0.05	1	0	+	AGC	3	430	430	100.0	0	0	0
TE000370	Chr1	29625856	mPing#DNA/Harbinger_	mPing	somatic_insertion	0.2	0.1	1	0	-	TAAT	4	430	430	100.0	0	0	0
TE000500	Chr1	29654348	mPing#DNA/Harbinger_	mPing	somatic_insertion	0.4	0.2	1	0	+	TAG	3	430	430	100.0	0	0	0
TE000416	Chr1	29698259	mPing#DNA/Harbinger_	mPing	somatic_insertion	0.4	0.2	1	0	-	TCC	3	430	430	100.0	0	0	0
TE000445	Chr1	29799080	mPing#DNA/Harbinger_	mPing	somatic_insertion	0.4	0.2	1	0	-	TCGA	4	430	430	100.0	0	0	0
TE000256	Chr1	29907358	mPing#DNA/Harbinger_	mPing	somatic_insertion	0.1	0.05	1	0	+	AAGA	4	430	430	100.0	0	0	0
TE000366	Chr1	29935927	mPing#DNA/Harbinger_	mPing	somatic_insertion	0.2	0.1	1	0	+	AAC	3	430	430	100.0	0	0	0
TE000001	Chr1	30066878	mPing#DNA/Harbinger_	mPing	homozygous	1.0	1.0	1	1	-	CATGC	5	430	430	100.0	0	0	0
TE000115	Chr1	30155382	mPing#DNA/Harbinger_	mPing	heterozygous	1.0	0.5	1	0	-	GTAT	4	430	430	100.0	0	0	0
TE000334	Chr1	30236132	mPing#DNA/Harbinger_	mPing	somatic_insertion	0.2	0.1	1	0	-	GTATG	5	430	430	100.0	0	0	0
TE000303	Chr1	30348364	mPing#DNA/Harbinger_	mPing	somatic_insertion	0.2	0.1	1	0	+	GAAG	4	430	430	100.0	0	0	0
TE000329	Chr1	30492740	mPing#DNA/Harbinger_	mPing	somatic_insertion	0.2	0.1	1	0	-	CAG	3	430	430	100.0	0	0	0
TE000449	Chr1	30573244	mPing#DNA/Harbinger_	mPing	somatic_insertion	0.4	0.2	1	0	+	TGA	3	430	430	100.0	0	0	0
TE000309	Chr1	30800958	mPing#DNA/Harbinger_	mPing	somatic_insertion	0.2	0.1	1	0	+	GGCAA	5	430	430	100.0	0	0	0
TE000343	Chr1	31077438	mPing#DNA/Harbinger_	mPing	somatic_insertion	0.2	0.1	1	0	+	CGGC	4	430	430	100.0	0	0	0
TE000111	Chr1	31331569	mPing#DNA/Harbinger_	mPing	heterozygous	1.0	0.5	1	0	+	GGCT	4	430	430	100.0	0	0	0
TE000395	Chr1	31340720	mPing#DNA/Harbinger_	mPing	somatic_insertion	0.2	0.1	1	0	+	TGT	3	430	430	100.0	0	0	0
TE000483	Chr1	31500595	mPing#DNA/Harbinger_	mPing	somatic_insertion	0.4	0.2	1	0	+	ATAT	4	430	430	100.0	0	0	0
TE000181	Chr1	31551106	mPing#DNA/Harbinger_	mPing	heterozygous	1.0	0.5	1	0	-	CGC	3	430	430	100.0	0	0	0
TE000275	Chr1	31596466	mPing#DNA/Harbinger_	mPing	somatic_insertion	0.1	0.05	1	0	+	GCTG	4	430	430	100.0	0	0	0
TE000186	Chr1	31636395	mPing#DNA/Harbinger_	mPing	heterozygous	1.0	0.5	1	0	-	TGCA	4	430	430	100.0	0	0	0
TE000467	Chr1	31744005	mPing#DNA/Harbinger_	mPing	somatic_insertion	0.4	0.2	1	0	-	CAG	3	430	430	100.0	0	0	0
TE000321	Chr1	31837055	mPing#DNA/Harbinger_	mPing	somatic_insertion	0.2	0.1	1	0	-	TGA	3	430	430	100.0	0	0	0
TE000072	Chr1	31838047	mPing#DNA/Harbinger_	mPing	homozygous	1.0	1.0	1	1	+	ATT	3	430	430	100.0	0	0	0
TE000213	Chr1	32004780	mPing#DNA/Harbinger_	mPing	somatic_insertion	0.1	0.05	1	0	+	TTA	3	430	430	100.0	0	0	0
TE000388	Chr1	32086533	mPing#DNA/Harbinger_	mPing	somatic_insertion	0.2	0.1	1	0	+	AAA	3	430	430	100.0	0	0	0
TE000010	Chr1	32166952	mPing#DNA/Harbinger_	mPing	homozygous	1.0	1.0	1	1	+	CGTC	4	430	430	100.0	0	0	0
TE000435	Chr1	32276027	mPing#DNA/Harbinger_	mPing	somatic_insertion	0.4	0.2	1	0	-	CCTA	4	430	430	100.0	0	0	0
TE000454	Chr1	32422751	mPing#DNA/Harbinger_	mPing	somatic_insertion	0.4	0.2	1	0	-	ATAGC	5	430	430	100.0	0	0	0
TE000459	Chr1	32436956	mPing#DNA/Harbinger_	mPing	somatic_insertion	0.4	0.2	1	0	-	ATA	3	430	430	100.0	0	0	0
TE000474	Chr1	32461469	mPing#DNA/Harbinger_	mPing	somatic_insertion	0.4	0.2	1	0	+	TTGG	4	430	430	100.0	0	0	0
TE000392	Chr1	32487543	mPing#DNA/Harbinger_	mPing	somatic_insertion	0.2	0.1	1	0	-	CCAAA	5	430	430	100.0	0	0	0
TE000126	Chr1	32531258	mPing#DNA/Harbinger_	mPing	heterozygous	1.0	0.5	1	0	+	GCAG	4	430	430	100.0	0	0	0
TE000400	Chr1	32579221	mPing#DNA/Harbinger_	mPing	somatic_insertion	0.2	0.1	1	0	+	GACAT	5	430	430	100.0	0	0	0
TE000016	Chr1	32690571	mPing#DNA/Harbinger_	mPing	homozygous	1.0	1.0	1	1	+	CTAG	4	430	430	100.0	0	0	0
TE000402	Chr1	32703929	mPing#DNA/Harbinger_	mPing	somatic_insertion	0.4	0.2	1	0	-	GTATT	5	430	430	100.0	0	0	0
TE000365	Chr1	32705031	mPing#DNA/Harbinger_	mPing	somatic_insertion	0.2	0.1	1	0	-	CCT	3	430	430	100.0	0	0	0
TE000156	Chr1	32943086	mPing#DNA/Harbinger_	mPing	heterozygous	1.0	0.5	1	0	+	GCTA	4	430	430	100.0	0	0	0
TE000216	Chr1	33005090	mPing#DNA/Harbinger_	mPing	somatic_insertion	0.1	0.05	1	0	+	TACCC	5	430	430	100.0	0	0	0
TE000381	Chr1	33023293	mPing#DNA/Harbinger_	mPing	somatic_insertion	0.2	0.1	1	0	-	AAAC	4	430	430	100.0	0	0	0
TE000312	Chr1	33099833	mPing#DNA/Harbinger_	mPing	somatic_insertion	0.2	0.1	1	0	+	GCCCT	5	430	430	100.0	0	0	0
TE000281	Chr1	33323812	mPing#DNA/Harbinger_	mPing	somatic_insertion	0.1	0.05	1	0	-	CGT	3	430	430	100.0	0	0	0
TE000421	Chr1	33369091	mPing#DNA/Harbinger_	mPing	somatic_insertion	0.4	0.2	1	0	-	CAT	3	430	430	100.0	0	0	0
TE000355	Chr1	33427586	mPing#DNA/Harbinger_	mPing	somatic_insertion	0.2	0.1	1	0	+	TAAAA	5	430	430	100.0	0	0	0
TE000217	Chr1	33448460	mPing#DNA/Harbinger_	mPing	somatic_insertion	0.1	0.05	1	0	+	CGCG	4	430	430	100.0	0	0	0
TE000276	Chr1	33451366	mPing#DNA/Harbinger_	mPing	somatic_insertion	0.1	0.05	1	0	-	ATTT	4	430	430	100.0	0	0	0
TE000446	Chr1	33533109	mPing#DNA/Harbinger_	mPing	somatic_insertion	0.4	0.2	1	0	-	TGAA	4	430	430	100.0	0	0	0
TE000319	Chr1	33613080	mPing#DNA/Harbinger_	mPing	somatic_insertion	0.2	0.1	1	0	-	AGATG	5	430	430	100.0	0	0	0
TE000252	Chr1	33676311	mPing#DNA/Harbinger_	mPing	somatic_insertion	0.1	0.05	1	0	-	TACAG	5	430	430	100.0	0	0	0
TE000463	Chr1	33743841	mPing#DNA/Harbinger_	mPing	somatic_insertion	0.4	0.2	1	0	+	TACTT	5	430	430	100.0	0	0	0
TE000026	Chr1	33945012	mPing#DNA/Harbinger_	mPing	homozygous	1.0	1.0	1	1	+	AATA	4	430	430	100.0	0	0	0
TE000410	Chr1	33985893	mPing#DNA/Harbinger_	mPing	somatic_insertion	0.4	0.2	1	0	+	TCTTC	5	430	430	100.0	0	0	0
TE000142	Chr1	34130812	mPing#DNA/Harbinger_	mPing	heterozygous	1.0	0.5	1	0	-	AGCCG	5	430	430	100.0	0	0	0
TE000046	Chr1	34154256	mPing#DNA/Harbinger_	mPing	homozygous	1.0	1.0	1	1	-	CACC	4	430	430	100.0	0	0	0
TE000323	Chr1	34366440	mPing#DNA/Harbinger_	mPing	somatic_insertion	0.2	0.1	1	0	+	CGAT	4	430	430	100.0	0	0	0
TE000232	Chr1	34384125	mPing#DNA/Harbinger_	mPing	somatic_insertion	0.1	0.05	1	0	+	ACAT	4	430	430	100.0	0	0	0
TE000068	Chr1	34443976	mPing#DNA/Harbinger_	mPing	homozygous	1.0	1.0	1	1	+	TATA	4	430	430	100.0	0	0	0
TE000308	Chr1	34635369	mPing#DNA/Harbinger_	mPing	somatic_insertion	0.2	0.1	1	0	-	CGA	3	430	430	100.0	0	0	0
TE000187	Chr1	34661663	mPing#DNA/Harbinger_	mPing	heterozygous	1.0	0.5	1	0	-	AAA	3	430	430	100.0	0	0	0
TE000326	Chr1	34804605	mPing#DNA/Harbinger_	mPing	somatic_insertion	0.2	0.1	1	0	+	TTAG	4	430	430	100.0	0	0	0
TE000495	Chr1	35056245	mPing#DNA/Harbinger_	mPing	somatic_insertion	0.4	0.2	1	0	+	TGGG	4	430	430	100.0	0	0	0
TE000029	Chr1	35108587	mPing#DNA/Harbinger_	mPing	homozygous	1.0	1.0	1	1	-	TTC	3	430	430	100.0	0	0	0
TE000311	Chr1	35587224	mPing#DNA/Harbinger_	mPing	somatic_insertion	0.2	0.1	1	0	+	TTAAC	5	430	430	100.0	0	0	0
TE000376	Chr1	35597484	mPing#DNA/Harbinger_	mPing	somatic_insertion	0.2	0.1	1	0	+	GGACA	5	430	430	100.0	0	0	0
TE000067	Chr1	35693648	mPing#DNA/Harbinger_	mPing	homozygous	1.0	1.0	1	1	+	CAC	3	430	430	100.0	0	0	0
TE000025	Chr1	35887361	mPing#DNA/Harbinger_	mPing	homozygous	1.0	1.0	1	1	-	GAAAT	5	430	430	100.0	0	0	0
TE000160	Chr1	35893758	mPing#DNA/Harbinger_	mPing	heterozygous	1.0	0.5	1	0	+	GAGGT	5	430	430	100.0	0	0	0
TE000082	Chr1	35909574	mPing#DNA/Harbinger_	mPing	homozygous	1.0	1.0	1	1	-	ATTT	4	430	430	100.0	0	0	0
TE000441	Chr1	36097491	mPing#DNA/Harbinger_	mPing	somatic_insertion	0.4	0.2	1	0	+	TTG	3	430	430	100.0	0	0	0
TE000049	Chr1	36228329	mPing#DNA/Harbinger_	mPing	homozygous	1.0	1.0	1	1	-	GCCT	4	430	430	100.0	0	0	0
TE000075	Chr1	36356026	mPing#DNA/Harbinger_	mPing	homozygous	1.0	1.0	1	1	-	GAGA	4	430	430	100.0	0	0	0
TE000028	Chr1	36435465	mPing#DNA/Harbinger_	mPing	homozygous	1.0	1.0	1	1	+	AAT	3	430	430	100.0	0	0	0
TE000369	Chr1	36491951	mPing#DNA/Harbinger_	mPing	somatic_insertion	0.2	0.1	1	0	+	TGGAG	5	430	430	100.0	0	0	0
TE000083	Chr1	36555413	mPing#DNA/Harbinger_	mPing	homozygous	1.0	1.0	1	1	+	AAA	3	430	430	100.0	0	0	0
TE000287	Chr1	36678408	mPing#DNA/Harbinger_	mPing	somatic_insertion	0.1	0.05	1	0	+	ACACG	5	430	430	100.0	0	0	0
TE000346	Chr1	36862088	mPing#DNA/Harbinger_	mPing	somatic_insertion	0.2	0.1	1	0	+	AAA	3	430	430	100.0	0	0	0
TE000105	Chr1	37062016	mPing#DNA/Harbinger_	mPing	heterozygous	1.0	0.5	1	0	+	GCAA	4	430	430	100.0	0	0	0
TE000362	Chr1	37139000	mPing#DNA/Harbinger_	mPing	somatic_insertion	0.2	0.1	1	0	-	AATT	4	430	430	100.0	0	0	0
TE000414	Chr1	37227773	mPing#DNA/Harbinger_	mPing	somatic_insertion	0.4	0.2	1	0	-	TACGT	5	430	430	100.0	0	0	0
TE000205	Chr1	37254002	mPing#DNA/Harbinger_	mPing	somatic_insertion	0.1	0.05	1	0	+	GACG	4	430	430	100.0	0	0	0
TE000378	Chr1	37262527	mPing#DNA/Harbinger_	mPing	somatic_insertion	0.2	0.1	1	0	+	TTG	3	430	430	100.0	0	0	0
TE000038	Chr1	37638677	mPing#DNA/Harbinger_	mPing	homozygous	1.0	1.0	1	1	-	CTTC	4	430	430	100.0	0	0	0
TE000037	Chr1	37840538	mPing#DNA/Harbinger_	mPing	homozygous	1.0	1.0	1	1	+	TACCG	5	430	430	100.0	0	0	0
TE000212	Chr1	37848774	mPing#DNA/Harbinger_	mPing	somatic_insertion	0.1	0.05	1	0	+	CATT	4	430	430	100.0	0	0	0
TE000485	Chr1	37914599	mPing#DNA/Harbinger_	mPing	somatic_insertion	0.4	0.2	1	0	-	TCC	3	430	430	100.0	0	0	0
TE000235	Chr1	37982438	mPing#DNA/Harbinger_	mPing	somatic_insertion	0.1	0.05	1	0	-	AAG	3	430	430	100.0	0	0	0
TE000048	Chr1	38007579	mPing#DNA/Harbinger_	mPing	homozygous	1.0	1.0	1	1	-	GCT	3	430	430	100.0	0	0	0
TE000455	Chr1	38098069	mPing#DNA/Harbinger_	mPing	somatic_insertion	0.4	0.2	1	0	-	ACGA	4	430	430	100.0	0	0	0
TE000439	Chr1	38127327	mPing#DNA/Harbinger_	mPing	somatic_insertion	0.4	0.2	1	0	+	GGG	3	430	430	100.0	0	0	0
TE000120	Chr1	38419615	mPing#DNA/Harbinger_	mPing	heterozygous	1.0	0.5	1	0	+	TTGGG	5	430	430	100.0	0	0	0
TE000348	Chr1	38514631	mPing#DNA/Harbinger_	mPing	somatic_insertion	0.2	0.1	1	0	-	GCTA	4	430	430	100.0	0	0	0
TE000131	Chr1	38581568	mPing#DNA/Harbinger_	mPing	heterozygous	1.0	0.5	1	0	+	GACT	4	430	430	100.0	0	0	0
TE000468	Chr1	38616149	mPing#DNA/Harbinger_	mPing	somatic_insertion	0.4	0.2	1	0	-	CAT	3	430	430	100.0	0	0	0
TE000258	Chr1	38714398	mPing#DNA/Harbinger_	mPing	somatic_insertion	0.1	0.05	1	0	+	GGAC	4	430	430	100.0	0	0	0
TE000289	Chr1	38748321	mPing#DNA/Harbinger_	mPing	somatic_insertion	0.1	0.05	1	0	+	ACATT	5	430	430	100.0	0	0	0
TE000491	Chr1	38767242	mPing#DNA/Harbinger_	mPing	somatic_insertion	0.4	0.2	1	0	+	AAAA	4	430	430	100.0	0	0	0
TE000422	Chr1	38814773	mPing#DNA/Harbinger_	mPing	somatic_insertion	0.4	0.2	1	0	-	TGAC	4	430	430	100.0	0	0	0
TE000330	Chr1	38937968	mPing#DNA/Harbinger_	mPing	somatic_insertion	0.2	0.1	1	0	+	AGGG	4	430	430	100.0	0	0	0
TE000331	Chr1	38971707	mPing#DNA/Harbinger_	mPing	somatic_insertion	0.2	0.1	1	0	+	AACAT	5	430	430	100.0	0	0	0
TE000006	Chr1	38985579	mPing#DNA/Harbinger_	mPing	homozygous	1.0	1.0	1	1	-	TGAGT	5	430	430	100.0	0	0	0
TE000478	Chr1	39290283	mPing#DNA/Harbinger_	mPing	somatic_insertion	0.4	0.2	1	0	+	TAAAT	5	430	430	100.0	0	0	0
TE000257	Chr1	39335395	mPing#DNA/Harbinger_	mPing	somatic_insertion	0.1	0.05	1	0	-	ATGT	4	430	430	100.0	0	0	0
TE000457	Chr1	39375041	mPing#DNA/Harbinger_	mPing	somatic_insertion	0.4	0.2	1	0	-	ACA	3	430	430	100.0	0	0	0
TE000061	Chr1	39399383	mPing#DNA/Harbinger_	mPing	homozygous	1.0	1.0	1	1	-	TCG	3	430	430	100.0	0	0	0
TE000415	Chr1	39512801	mPing#DNA/Harbinger_	mPing	somatic_insertion	0.4	0.2	1	0	-	TAC	3	430	430	100.0	0	0	0
TE000282	Chr1	39772795	mPing#DNA/Harbinger_	mPing	somatic_insertion	0.1	0.05	1	0	+	CGGCG	5	430	430	100.0	0	0	0
TE000404	Chr1	39786244	mPing#DNA/Harbinger_	mPing	somatic_insertion	0.4	0.2	1	0	-	CCG	3	430	430	100.0	0	0	0
TE000293	Chr1	39804586	mPing#DNA/Harbinger_	mPing	somatic_insertion	0.1	0.05	1	0	-	CAG	3	430	430	100.0	0	0	0
TE000078	Chr1	39816558	mPing#DNA/Harbinger_	mPing	homozygous	1.0	1.0	1	1	-	TTTA	4	430	430	100.0	0	0	0
TE000453	Chr1	39834122	mPing#DNA/Harbinger_	mPing	somatic_insertion	0.4	0.2	1	0	-	TTCT	4	430	430	100.0	0	0	0
TE000248	Chr1	39871158	mPing#DNA/Harbinger_	mPing	somatic_insertion	0.1	0.05	1	0	-	GACC	4	430	430	100.0	0	0	0
TE000249	Chr1	39876042	mPing#DNA/Harbinger_	mPing	somatic_insertion	0.1	0.05	1	0	+	CGGCC	5	430	430	100.0	0	0	0
TE000018	Chr1	40047975	mPing#DNA/Harbinger_	mPing	homozygous	1.0	1.0	1	1	-	TCTA	4	430	430	100.0	0	0	0
TE000145	Chr1	40087211	mPing#DNA/Harbinger_	mPing	heterozygous	1.0	0.5	1	0	+	ACTGA	5	430	430	100.0	0	0	0
TE000373	Chr1	40149935	mPing#DNA/Harbinger_	mPing	somatic_insertion	0.2	0.1	1	0	+	AGTAT	5	430	430	100.0	0	0	0
TE000261	Chr1	40152788	mPing#DNA/Harbinger_	mPing	somatic_insertion	0.1	0.05	1	0	+	TCGC	4	430	430	100.0	0	0	0
TE000060	Chr1	40349102	mPing#DNA/Harbinger_	mPing	homozygous	1.0	1.0	1	1	-	TATA	4	430	430	100.0	0	0	0
TE000418	Chr1	40392539	mPing#DNA/Harbinger_	mPing	somatic_insertion	0.4	0.2	1	0	+	TATC	4	430	430	100.0	0	0	0
TE000476	Chr1	40504634	mPing#DNA/Harbinger_	mPing	somatic_insertion	0.4	0.2	1	0	-	GGGTT	5	430	430	100.0	0	0	0
TE000175	Chr1	40537140	mPing#DNA/Harbinger_	mPing	heterozygous	1.0	0.5	1	0	-	CAC	3	430	430	100.0	0	0	0
TE000148	Chr1	40551839	mPing#DNA/Harbinger_	mPing	heterozygous	1.0	0.5	1	0	+	ACATA	5	430	430	100.0	0	0	0
TE000207	Chr1	40601282	mPing#DNA/Harbinger_	mPing	somatic_insertion	0.1	0.05	1	0	+	GAGG	4	430	430	100.0	0	0	0
TE000196	Chr1	40626806	mPing#DNA/Harbinger_	mPing	heterozygous	1.0	0.5	1	0	-	TCACC	5	430	430	100.0	0	0	0
TE000277	Chr1	40674035	mPing#DNA/Harbinger_	mPing	somatic_insertion	0.1	0.05	1	0	+	GAAA	4	430	430	100.0	0	0	0
TE000096	Chr1	40677069	mPing#DNA/Harbinger_	mPing	homozygous	1.0	1.0	1	1	+	CCCT	4	430	430	100.0	0	0	0
TE000475	Chr1	40694987	mPing#DNA/Harbinger_	mPing	somatic_insertion	0.4	0.2	1	0	+	GTA	3	430	430	100.0	0	0	0
TE000053	Chr1	40795161	mPing#DNA/Harbinger_	mPing	homozygous	1.0	1.0	1	1	+	TAGGC	5	430	430	100.0	0	0	0
TE000064	Chr1	40859192	mPing#DNA/Harbinger_	mPing	homozygous	1.0	1.0	1	1	-	GAA	3	430	430	100.0	0	0	0
TE000288	Chr1	40896936	mPing#DNA/Harbinger_	mPing	somatic_insertion	0.1	0.05	1	0	+	AGA	3	430	430	100.0	0	0	0
TE000036	Chr1	41168508	mPing#DNA/Harbinger_	mPing	homozygous	1.0	1.0	1	1	+	GTTG	4	430	430	100.0	0	0	0
TE000202	Chr1	41319304	mPing#DNA/Harbinger_	mPing	somatic_insertion	0.1	0.05	1	0	+	TTTTT	5	430	430	100.0	0	0	0
TE000274	Chr1	41442499	mPing#DNA/Harbinger_	mPing	somatic_insertion	0.1	0.05	1	0	+	AGG	3	430	430	100.0	0	0	0
TE000294	Chr1	41507161	mPing#DNA/Harbinger_	mPing	somatic_insertion	0.1	0.05	1	0	-	ATCT	4	430	430	100.0	0	0	0
TE000238	Chr1	41544651	mPing#DNA/Harbinger_	mPing	somatic_insertion	0.1	0.05	1	0	+	AATCC	5	430	430	100.0	0	0	0
TE000489	Chr1	41549920	mPing#DNA/Harbinger_	mPing	somatic_insertion	0.4	0.2	1	0	-	AGC	3	430	430	100.0	0	0	0
TE000190	Chr1	41679280	mPing#DNA/Harbinger_	mPing	heterozygous	1.0	0.5	1	0	-	TGCA	4	430	430	100.0	0	0	0
TE000024	Chr1	41744953	mPing#DNA/Harbinger_	mPing	homozygous	1.0	1.0	1	1	-	AAT	3	430	430	100.0	0	0	0
TE000012	Chr1	41819652	mPing#DNA/Harbinger_	mPing	homozygous	1.0	1.0	1	1	+	GTT	3	430	430	100.0	0	0	0
TE000198	Chr1	41822853	mPing#DNA/Harbinger_	mPing	heterozygous	1.0	0.5	1	0	-	GAT	3	430	430	100.0	0	0	0
TE000263	Chr1	41902307	mPing#DNA/Harbinger_	mPing	somatic_insertion	0.1	0.05	1	0	+	TTA	3	430	430	100.0	0	0	0
TE000272	Chr1	42067350	mPing#DNA/Harbinger_	mPing	somatic_insertion	0.1	0.05	1	0	+	TGCTG	5	430	430	100.0	0	0	0
TE000498	Chr1	42108962	mPing#DNA/Harbinger_	mPing	somatic_insertion	0.4	0.2	1	0	-	TTATT	5	430	430	100.0	0	0	0
TE000316	Chr1	42207649	mPing#DNA/Harbinger_	mPing	somatic_insertion	0.2	0.1	1	0	-	GATTA	5	430	430	100.0	0	0	0
TE000328	Chr1	42208694	mPing#DNA/Harbinger_	mPing	somatic_insertion	0.2	0.1	1	0	+	AGAGT	5	430	430	100.0	0	0	0
TE000094	Chr1	42224187	mPing#DNA/Harbinger_	mPing	homozygous	1.0	1.0	1	1	-	TTTT	4	430	430	100.0	0	0	0
TE000417	Chr1	42290406	mPing#DNA/Harbinger_	mPing	somatic_insertion	0.4	0.2	1	0	-	GGAA	4	430	430	100.0	0	0	0
TE000412	Chr1	42314616	mPing#DNA/Harbinger_	mPing	somatic_insertion	0.4	0.2	1	0	+	AGGT	4	430	430	100.0	0	0	0
TE000426	Chr1	42520390	mPing#DNA/Harbinger_	mPing	somatic_insertion	0.4	0.2	1	0	-	TAAG	4	430	430	100.0	0	0	0
TE000242	Chr1	42680147	mPing#DNA/Harbinger_	mPing	somatic_insertion	0.1	0.05	1	0	-	GGTG	4	430	430	100.0	0	0	0
TE000266	Chr1	42742094	mPing#DNA/Harbinger_	mPing	somatic_insertion	0.1	0.05	1	0	-	GGGG	4	430	430	100.0	0	0	0
TE000299	Chr1	42745145	mPing#DNA/Harbinger_	mPing	somatic_insertion	0.1	0.05	1	0	-	CAA	3	430	430	100.0	0	0	0
TE000112	Chr1	43141858	mPing#DNA/Harbinger_	mPing	heterozygous	1.0	0.5	1	0	+	GCGCG	5	430	430	100.0	0	0	0
